"","Material","Freq","BLM1_fit","BLM1_fit_NoErrors","BLM3_fit"
"1","Mollusk",130,-1147.44408522058,-705.885188002742,-1147.38291033393
"2","NonMollusk",702,-8486.84162821912,-3517.22485147599,-8486.64235754129
"3","Full",832,-9636.82814333199,-4208.91451556485,-9636.05822210478
