"","Material","Freq","Model","elpd_diff","se_diff"
"1","Mollusk",130,"BLM3",-1878.05191292003,15.2291069852049
"2","Mollusk",130,"BLM1_E",-16265.1611435766,152.253344333097
"3","Mollusk",130,"BLM1_NE",0,0
"4","NonMollusk",724,"BLM1_E",-16906.8411582407,176.309953650003
"5","NonMollusk",724,"BLM1_NE",0,0
"6","NonMollusk",724,"BLM3",-4195.06641650985,31.8128290367077
"7","Full",2562,"BLM1_NE",0,0
"8","Full",2562,"BLM3",-13.2562376080589,3.00171813624616
"9","Full",2562,"BLM1_E",-28180.6656048813,260.252682327846
