"","Material","Freq","Model","elpd_diff","se_diff"
"1","Mollusk",152,"BLM1_NE",-1920.93987376331,24.0278532880279
"2","Mollusk",152,"BLM1_E",-880162.953207569,7791.87931107782
"3","Mollusk",152,"BLM3",0,0
"4","NonMollusk",841,"BLM1_E",-2635798.98447254,28138.6307266081
"5","NonMollusk",841,"BLM1_NE",0,0
"6","NonMollusk",841,"BLM3",-13161.6976431449,143.482554955682
"7","Full",993,"BLM1_NE",0,0
"8","Full",993,"BLM3",-3800.77385788359,38.7753544520749
"9","Full",993,"BLM1_E",-2081037.99057147,18835.5146551295
