"","Material","Freq","Model","elpd_diff","se_diff"
"1","Mollusk",141,"BLM3",-1233.5575085419,14.8560862534329
"2","Mollusk",141,"BLM1_E",-1068820.7638609,9380.50769271887
"3","Mollusk",141,"BLM1_NE",0,0
"4","NonMollusk",765,"BLM1_E",-7410106.82065064,74262.1418793677
"5","NonMollusk",765,"BLM3",0,0
"6","NonMollusk",765,"BLM1_NE",-1062.8690430252,10.4387273901432
"7","Full",906,"BLM1_NE",0,0
"8","Full",906,"BLM3",-18705.5859607266,149.931835677732
"9","Full",906,"BLM1_E",-21379.6411458302,186.46612077935
