"","Material","Freq","BLM1_fit","BLM1_fit_NoErrors","BLM3_fit"
"1","Mollusk",130,-1147.45985502489,-705.878352194599,-1147.46586847606
"2","NonMollusk",702,-8486.82799449607,-3517.23583242017,-8486.94824807904
"3","Full",832,-9636.61151420298,-4208.93355720539,-9636.16031969949
