"","targetColumns.y","Dataset","model","meanBeta","sdBeta","meanAlpha","sdAlpha"
"17","Mollusk","Full","BLM1_fit",0.0400573997327775,0.000402641902239842,0.145011717026057,0.00440052225238821
"18","Mollusk","Full","BLM1_fit_NoErrors",0.0396918364910087,0.000240051957482045,0.149003800613219,0.00268708910891546
"19","Mollusk","Full","Weighted",0.0396376339743482,0.000295272089604703,0.149629924798094,0.00331060511208408
"20","Mollusk","Full","York",0.0392658434032969,0.000501047547526352,0.156099737560016,0.00543126635223358
"21","Mollusk","Full","Deming",0.0406810229608023,0.00453880290477329,0.144410596267776,0.0372216195177967
"22","Mollusk","Full","LM",0.0397206862480071,0.000299399954308556,0.14869388006733,0.00341651692346865
