"","targetColumns.y","Dataset","model","meanBeta","sdBeta","meanAlpha","sdAlpha"
"17","Mollusk","Full","BLM1_fit",0.0394033488546897,0.000266499330433724,0.15259095755047,0.00296371949895568
"18","Mollusk","Full","BLM1_fit_NoErrors",0.0394034363397695,0.000268595325272891,0.152586039749049,0.00303636148355814
"19","Mollusk","Full","Weighted",0.0392623118261648,0.000267566256425049,0.154232261820862,0.00299781843554093
"20","Mollusk","Full","York",0.0392631955216069,0.000451364373029776,0.156493269500906,0.00507775262517512
"21","Mollusk","Full","Deming",0.0399752265681909,0.00349955720037742,0.149551673377505,0.0314326645353596
"22","Mollusk","Full","LM",0.0394395593770558,0.000344623527552192,0.152211907326006,0.00391894744835943
