"","targetColumns.y","Dataset","model","meanBeta","sdBeta","meanAlpha","sdAlpha"
"17","Mollusk","Full","BLM1_fit",0.0392209512056459,0.000287084507872194,0.154763250143894,0.00320294946531958
"18","Mollusk","Full","BLM1_fit_NoErrors",0.0393995448727812,0.000281943701473086,0.152311303514799,0.00313408222147896
"19","Mollusk","Full","Weighted",0.0392987501711883,0.000300638749673873,0.153385566685681,0.00336298694816141
"20","Mollusk","Full","York",0.03907998284229,0.000483714176095188,0.157381477576324,0.00539052798853278
"21","Mollusk","Full","Deming",0.0420101075197742,0.00222808571413463,0.12606654071334,0.0210423956022617
"22","Mollusk","Full","LM",0.0393906293839193,0.000356227383420821,0.152405321052901,0.00401314724555288
