"","targetColumns.y","Dataset","model","meanBeta","sdBeta","meanAlpha","sdAlpha"
"17","Mollusk","Full","BLM1_fit",0.0391946811448529,0.000279392823377593,0.155046396632418,0.00315140441231958
"18","Mollusk","Full","BLM1_fit_NoErrors",0.0393920620205966,0.000283902094743113,0.152372511044493,0.00318406434440445
"19","Mollusk","Full","Weighted",0.0393110926655601,0.000315738710089886,0.153263363984416,0.00356451528586702
"20","Mollusk","Full","York",0.039067199835722,0.000476024526364529,0.157412328313643,0.00526747092645196
"21","Mollusk","Full","Deming",0.0419483933509417,0.00223230408935139,0.126625810955914,0.0208944093820715
"22","Mollusk","Full","LM",0.0393908843092819,0.000366481273721709,0.152393758592968,0.00415502801147174
