"","targetColumns.y","Dataset","model","meanBeta","sdBeta","meanAlpha","sdAlpha"
"17","Mollusk","Full","BLM1_fit",0.0392112648834316,0.000280222034104894,0.154952225134065,0.00315419408056586
"18","Mollusk","Full","BLM1_fit_NoErrors",0.0394602750441536,0.000277878684053369,0.151961907569774,0.00312014487177178
"19","Mollusk","Full","Weighted",0.0393591566254464,0.000311924775334142,0.153066718911523,0.00356982496962252
"20","Mollusk","Full","York",0.0390804896462539,0.000499601167649975,0.157335890823651,0.00569693755587061
"21","Mollusk","Full","Deming",0.0426550228792171,0.00156876964598668,0.121979397591688,0.0176754263457411
"22","Mollusk","Full","LM",0.0394647003671137,0.000351397433089932,0.151870850065962,0.00401717131318199
