"","targetColumns.y","Dataset","model","meanBeta","sdBeta","meanAlpha","sdAlpha"
"17","Mollusk","Full","BLM1_fit",0.0396460046731723,0.000271073508652871,0.150608706134035,0.0030372630790631
"18","Mollusk","Full","BLM1_fit_NoErrors",0.0395639654646076,0.000267476977662358,0.151536909868646,0.00300766450684017
"19","Mollusk","Full","Weighted",0.0394681061876419,0.000307866358620621,0.152586749990082,0.0034944156184879
"20","Mollusk","Full","York",0.0392675853236203,0.000510362532121784,0.156797697172803,0.00577766237568459
"21","Mollusk","Full","Deming",0.0399849375803312,0.00310719595442936,0.150636298065542,0.0272584344951466
"22","Mollusk","Full","LM",0.0395807915207872,0.000364463374901973,0.151337832570762,0.00413334380855742
