"","targetColumns.y","Dataset","model","meanBeta","sdBeta","meanAlpha","sdAlpha"
"17","Mollusk","Full","BLM1_fit",0.0402115640021866,0.000465247629887026,0.143702309920343,0.00509318209180934
"18","Mollusk","Full","BLM1_fit_NoErrors",0.0397623207247169,0.000250165709936707,0.148572391722863,0.00278899074734522
"19","Mollusk","Full","Weighted",0.0397386910580903,0.000256773122109617,0.148816143084765,0.00284289881324438
"20","Mollusk","Full","York",0.0392787626476565,0.00050204127884652,0.156053048305209,0.00542868972004667
"21","Mollusk","Full","Deming",0.0403151584870765,0.00369141335313039,0.146365809747943,0.0358927593121644
"22","Mollusk","Full","LM",0.0397507642476761,0.000313936035681012,0.148657397258448,0.00360058957014498
