"","Material","Freq","Model","elpd_diff","se_diff"
"1","Forams",273,"BLM1_NE",-7138.23429693834,33.9372819123623
"2","Forams",273,"BLM1_E",-5509663.31520533,32367.616005905
"3","Forams",273,"BLM3",0,0
"4","Synthetic",282,"BLM1_E",-678159.459294205,16884.9773420882
"5","Synthetic",282,"BLM1_NE",0,0
"6","Synthetic",282,"BLM3",-1757.02777583753,50.5205248782668
"7","Full",555,"BLM1_NE",0,0
"8","Full",555,"BLM3",-548.822036998901,7.78039376407166
"9","Full",555,"BLM1_E",-2607280.16504536,34217.4883370671
