"","Material","Freq","BLM1_fit","BLM1_fit_NoErrors","BLM3_fit"
"1","Forams",210,-3341.01963439961,-1155.76128724347,-3340.99791630075
"2","Synthetic",233,-2575.94117140194,-1113.71017302035,-2576.02215764576
"3","Full",443,-5910.64764639632,-2240.71606723682,-5910.93585205604
