"","Material","Freq","BLM1_fit","BLM1_fit_NoErrors","BLM3_fit"
"1","Forams",237,-3525.86546500113,-1286.51417797653,-3525.92904699737
"2","Synthetic",233,-2576.06521120435,-1113.69882876164,-2576.04360334388
"3","Full",470,-6095.26830774044,-2377.22963589329,-6094.83499597999
