"","Material","Freq","Model","elpd_diff","se_diff"
"1","Forams",260,"BLM1_NE",0,0
"2","Forams",260,"BLM3",-5889.75947968547,33.4578264454989
"3","Forams",260,"BLM1_E",-1437778.13312194,8471.5756333937
"4","Synthetic",282,"BLM1_NE",0,0
"5","Synthetic",282,"BLM3",-241.26161465105,17.9167520429248
"6","Synthetic",282,"BLM1_E",-490920.938506518,12319.333941222
"7","Full",542,"BLM1_NE",0,0
"8","Full",542,"BLM3",-9985.95763790335,138.182556574835
"9","Full",542,"BLM1_E",-5920151.77642684,78774.1271686694
