"","Material","Freq","Model","elpd_diff","se_diff"
"1","Forams",260,"BLM1_NE",0,0
"2","Forams",260,"BLM3",-14092.1317015099,79.2683222568959
"3","Forams",260,"BLM1_E",-2377699.62578454,13995.8707763312
"4","Synthetic",282,"BLM1_NE",0,0
"5","Synthetic",282,"BLM3",-3635.40379845021,92.4540622773021
"6","Synthetic",282,"BLM1_E",-976811.300190147,24253.498147681
"7","Full",542,"BLM1_NE",0,0
"8","Full",542,"BLM3",-12141.7951893001,170.310485048366
"9","Full",542,"BLM1_E",-3830685.85423127,50993.4919663467
