"","Material","Freq","BLM1_fit","BLM1_fit_NoErrors","BLM3_fit"
"1","Forams",210,-3341.1886846993,-1155.7512021914,-3341.05769496887
"2","Synthetic",269,-2913.63722423356,-1303.28888596831,-2913.52599638216
"3","Full",479,-6249.12990230848,-2435.06370503955,-6249.01940286074
