"","targetColumns.y","Dataset","model","meanBeta","sdBeta","meanAlpha","sdAlpha"
"17","SyntheticVSForam_","Full","BLM1_fit",0.0396997753199646,0.000494905911060194,0.147502514256276,0.00534387410151931
"18","SyntheticVSForam_","Full","BLM1_fit_NoErrors",0.0392367482217552,0.000295006903362335,0.15244731361131,0.00324876650549681
"19","SyntheticVSForam_","Full","Weighted",0.0391903737692336,0.00032555572156082,0.152878138883393,0.00364699608302878
"20","SyntheticVSForam_","Full","York",0.0386978697706574,0.000527182426868046,0.158253062301556,0.00559187630183997
"21","SyntheticVSForam_","Full","Deming",0.0386926782369092,0.000595567174735403,0.158116371861978,0.0051571364484208
"22","SyntheticVSForam_","Full","LM",0.0392622201069695,0.000431489564467319,0.152214525808943,0.00465487481278679
