"","targetColumns.y","Dataset","model","meanBeta","sdBeta","meanAlpha","sdAlpha"
"17","SyntheticVSForam_","Full","BLM1_fit",0.0393773457659533,0.000292999767744314,0.151341727095447,0.00317967247617164
"18","SyntheticVSForam_","Full","BLM1_fit_NoErrors",0.039330268514556,0.000286657881193902,0.15185331559588,0.00311598652855971
"19","SyntheticVSForam_","Full","Weighted",0.0392756728614263,0.000363543626627564,0.152435475775334,0.00407866118853414
"20","SyntheticVSForam_","Full","York",0.0387533260404368,0.000577979119938808,0.157631060435346,0.00550441453565031
"21","SyntheticVSForam_","Full","Deming",0.0386082443964036,0.00223741011609402,0.158842352551695,0.0227322404167873
"22","SyntheticVSForam_","Full","LM",0.0393474842683396,0.0004138754926777,0.151680682932903,0.00462402455299381
