"","targetColumns.y","Dataset","model","meanBeta","sdBeta","meanAlpha","sdAlpha"
"17","SyntheticVSForam","Full","BLM1_fit",0.0391178876378795,0.000330346062211683,0.15299080515533,0.00363471895110898
"18","SyntheticVSForam","Full","BLM1_fit_NoErrors",0.0394221794499605,0.000351200041679337,0.149611243653323,0.00386563693431919
"19","SyntheticVSForam","Full","Weighted",0.0393213587297857,0.000404346704238425,0.150743659392874,0.00455073543723634
"20","SyntheticVSForam","Full","York",0.0386142151890456,0.000569799637972829,0.157610022994359,0.00605131882814152
"21","SyntheticVSForam","Full","Deming",0.0438134540135624,0.00324719972041102,0.106969289741435,0.0410149174623948
"22","SyntheticVSForam","Full","LM",0.0394347230680512,0.00047396334389629,0.149518833063055,0.00533915258663663
