"","targetColumns.y","Dataset","model","meanBeta","sdBeta","meanAlpha","sdAlpha"
"17","SyntheticVSForam_","Full","BLM1_fit",0.0395067912901795,0.000476166241877009,0.148907087145148,0.00511680520262012
"18","SyntheticVSForam_","Full","BLM1_fit_NoErrors",0.0391073430298322,0.000296210052555477,0.153139646100471,0.00321948740427032
"19","SyntheticVSForam_","Full","Weighted",0.0390302701590842,0.000360254568125867,0.153983960053584,0.00411995773480578
"20","SyntheticVSForam_","Full","York",0.0385896251287147,0.000552183903723458,0.158211518566391,0.00499093686458545
"21","SyntheticVSForam_","Full","Deming",0.0385788011952604,0.000520206139811623,0.158350442646919,0.00486171961593837
"22","SyntheticVSForam_","Full","LM",0.0390980744641609,0.000364265709587358,0.153311481396292,0.00399257971084994
