"","targetColumns.y","Dataset","model","meanBeta","sdBeta","meanAlpha","sdAlpha"
"17","SyntheticVSForam","Full","BLM1_fit",0.0391060651800765,0.000329020839101072,0.152905380135052,0.00361413368385796
"18","SyntheticVSForam","Full","BLM1_fit_NoErrors",0.039256281078209,0.000349245003955133,0.15063130479922,0.00380993581516151
"19","SyntheticVSForam","Full","Weighted",0.0391104652868405,0.000379024346245969,0.152215140860324,0.00429280672639913
"20","SyntheticVSForam","Full","York",0.0385986106131076,0.000547652729226195,0.157694299976308,0.00571734544752708
"21","SyntheticVSForam","Full","Deming",0.0398234808392977,0.00194826476331363,0.143685618336377,0.0229841909016429
"22","SyntheticVSForam","Full","LM",0.0392701736222029,0.000474627690978206,0.150512150920434,0.00535890905559877
