"","targetColumns.y","Dataset","model","meanBeta","sdBeta","meanAlpha","sdAlpha"
"17","SyntheticVSForam_","Full","BLM1_fit",0.0396054364035405,0.000396244215437317,0.147844508142272,0.00428249483083678
"18","SyntheticVSForam_","Full","BLM1_fit_NoErrors",0.0391073855888839,0.000265336770960793,0.153112425891925,0.00289442476175239
"19","SyntheticVSForam_","Full","Weighted",0.0390283252780225,0.000352268909925332,0.153887324619383,0.00395802913341861
"20","SyntheticVSForam_","Full","York",0.0387001048268061,0.000534300420002359,0.157585270264057,0.0055571271520726
"21","SyntheticVSForam_","Full","Deming",0.0385791240890011,0.000530261203979233,0.158805360563236,0.00532747975861529
"22","SyntheticVSForam_","Full","LM",0.0391253447043626,0.000360791763638838,0.153002488053463,0.00394944904324111
