"","Material","Freq","Model","elpd_diff","se_diff"
"1","1",165,"BLM3",-573.147133161933,6.48884970289731
"2","1",165,"BLM1_E",-523600.290143847,4142.12387405606
"3","1",165,"BLM1_NE",0,0
"4","2",842,"BLM1_E",-2170596.21455369,22773.1715509795
"5","2",842,"BLM3",0,0
"6","2",842,"BLM1_NE",-7101.54772556485,78.8107066262921
"7","Full",1007,"BLM1_NE",0,0
"8","Full",1007,"BLM3",-21607.9721236863,200.481012767977
"9","Full",1007,"BLM1_E",-7012771.26337922,62621.2160142754
