"","Material","Freq","BLM1_fit","BLM1_fit_NoErrors","BLM3_fit"
"1","1",135,-1286.75548598814,-662.790425163062,-1286.71829404887
"2","2",697,-8348.09926739275,-3587.35912384648,-8347.83235239682
"3","Full",832,-9636.61695339869,-4208.91627690837,-9635.67288465314
