"","Material","Freq","BLM1_fit","BLM1_fit_NoErrors","BLM3_fit"
"1","1",135,-1286.58527163016,-662.797001335251,-1286.78335348504
"2","2",697,-8348.07296327165,-3587.37280101822,-8347.97340083595
"3","Full",832,-9636.60770515639,-4208.93444500817,-9635.60266120775
