"","Material","Freq","BLM1_fit","BLM1_fit_NoErrors","BLM3_fit"
"1","1",135,-1286.57711475875,-662.790483897189,-1286.65705120121
"2","2",724,-8533.47325276882,-3727.16669794344,-8533.38823471137
"3","Full",859,-9821.95163598059,-4350.58118364416,-9821.11595078191
