"","Material","Freq","Model","elpd_diff","se_diff"
"1","1",165,"BLM3",-2578.34833936333,19.6728385326955
"2","1",165,"BLM1_E",-622568.549913619,4923.21697320387
"3","1",165,"BLM1_NE",0,0
"4","2",828,"BLM1_E",-10019785.434073,105378.738185584
"5","2",828,"BLM3",0,0
"6","2",828,"BLM1_NE",-12958.597457183,129.432315539047
"7","Full",993,"BLM1_NE",0,0
"8","Full",993,"BLM3",-37408.2909562372,354.000369333325
"9","Full",993,"BLM1_E",-4498933.12814087,40634.271335891
