"","Material","Freq","Model","elpd_diff","se_diff"
"1","1",146,"BLM1_NE",-3224.43191204189,22.4700266724658
"2","1",146,"BLM1_E",-333330.284826844,2826.06925541811
"3","1",146,"BLM3",0,0
"4","2",760,"BLM1_E",-25122517.6163166,251025.236466884
"5","2",760,"BLM1_NE",0,0
"6","2",760,"BLM3",-876.348007214367,4.67135554230226
"7","Full",906,"BLM1_NE",0,0
"8","Full",906,"BLM3",-24288.5922240259,213.860366120299
"9","Full",906,"BLM1_E",-5224222.40965367,45201.363193474
