"","targetColumns.y","Dataset","model","meanBeta","sdBeta","meanAlpha","sdAlpha"
"17","MarineMetazoa","Full","BLM1_fit",0.0402356675006263,0.000566456393807904,0.143036007690974,0.0062612215207251
"18","MarineMetazoa","Full","BLM1_fit_NoErrors",0.0397004008369238,0.000252628851123112,0.148906667953875,0.00282773770187644
"19","MarineMetazoa","Full","Weighted",0.0396047738618593,0.000267014302467215,0.149873310422167,0.00314332317898947
"20","MarineMetazoa","Full","York",0.0392052299195158,0.000483979025406306,0.156822042412813,0.00517746851608131
"21","MarineMetazoa","Full","Deming",0.0405989932892426,0.0040717846826037,0.144063180897255,0.0362440556305384
"22","MarineMetazoa","Full","LM",0.0396624810588491,0.000285733594468282,0.149242993508193,0.00321030529091718
