"","targetColumns.y","Dataset","model","meanBeta","sdBeta","meanAlpha","sdAlpha"
"17","MarineMetazoa","Full","BLM1_fit",0.0403851281948721,0.000461881653131207,0.141771034523162,0.00510664026096765
"18","MarineMetazoa","Full","BLM1_fit_NoErrors",0.0393785572258646,0.000271081873163682,0.152862767531316,0.00306152341895309
"19","MarineMetazoa","Full","Weighted",0.0392539018556128,0.000279248391145273,0.15424160779719,0.0032362955739975
"20","MarineMetazoa","Full","York",0.039142700076567,0.00043424494381419,0.157945422412968,0.00483430366137963
"21","MarineMetazoa","Full","Deming",0.0399179185079568,0.00347704372422022,0.150344307336702,0.0339292144791921
"22","MarineMetazoa","Full","LM",0.0394261990434094,0.000311072579448694,0.152203770330135,0.00359955931502356
