"","targetColumns.y","Dataset","model","meanBeta","sdBeta","meanAlpha","sdAlpha"
"17","MarineMetazoa","Full","BLM1_fit",0.0396541824374515,0.000271569996504229,0.150551112568598,0.00302618500563545
"18","MarineMetazoa","Full","BLM1_fit_NoErrors",0.0395555660847317,0.000267409712433024,0.151642775519866,0.00298978325905713
"19","MarineMetazoa","Full","Weighted",0.0394552995076484,0.000311317520722193,0.152746669434026,0.00349416872712409
"20","MarineMetazoa","Full","York",0.0392617205375733,0.000510605922712638,0.156855419703827,0.00576985735335038
"21","MarineMetazoa","Full","Deming",0.0398852293852889,0.00287293689402022,0.151212259238048,0.0264267626474189
"22","MarineMetazoa","Full","LM",0.0395723193327246,0.000349268576016658,0.151473167707301,0.00394397511996965
