"","targetColumns.y","Dataset","model","meanBeta","sdBeta","meanAlpha","sdAlpha"
"17","MarineMetazoa","Full","BLM1_fit",0.0408229552877744,0.000424732819878777,0.136946850439078,0.00469298786352594
"18","MarineMetazoa","Full","BLM1_fit_NoErrors",0.0397486302532968,0.000245138208872729,0.148729659151554,0.00273617539488191
"19","MarineMetazoa","Full","Weighted",0.0396893274022463,0.000263633218455378,0.149486941781739,0.00298581644776441
"20","MarineMetazoa","Full","York",0.0392300124161692,0.000456752119138393,0.156369430359919,0.00510548524732635
"21","MarineMetazoa","Full","Deming",0.039526520565976,0.00135840023906081,0.154248905418625,0.0120172106644489
"22","MarineMetazoa","Full","LM",0.0397265280794186,0.0002701611301922,0.148896439980343,0.00322115956344052
