"","targetColumns.y","Dataset","model","meanBeta","sdBeta","meanAlpha","sdAlpha"
"17","MarineMetazoa","Full","BLM1_fit",0.0392095495723544,0.000274598943236345,0.154884542228436,0.00307056028476512
"18","MarineMetazoa","Full","BLM1_fit_NoErrors",0.0393903663428908,0.000280276565930209,0.152398209711396,0.00311147772491991
"19","MarineMetazoa","Full","Weighted",0.0393154239837536,0.000310363286491087,0.153232618384812,0.00351049354675348
"20","MarineMetazoa","Full","York",0.0390759582149493,0.000458784340796709,0.157477464173079,0.00526937684186938
"21","MarineMetazoa","Full","Deming",0.0420823723409667,0.00224105214565446,0.125540807581266,0.0215263383195239
"22","MarineMetazoa","Full","LM",0.0393951765987721,0.000372355876136191,0.152342879049681,0.00420511608266744
