"","targetColumns.y","Dataset","model","meanBeta","sdBeta","meanAlpha","sdAlpha"
"17","MarineMetazoa","Full","BLM1_fit",0.0392313340275871,0.000281001339484809,0.154709799865435,0.00316362861505647
"18","MarineMetazoa","Full","BLM1_fit_NoErrors",0.0394545070513918,0.000278126093197644,0.15200883775354,0.00312724423165713
"19","MarineMetazoa","Full","Weighted",0.0393763877864915,0.000306755519191412,0.152861621814363,0.00344894230723879
"20","MarineMetazoa","Full","York",0.039085518137617,0.000482894834501227,0.157332790361232,0.00544305491749379
"21","MarineMetazoa","Full","Deming",0.0426588956132803,0.00153877888709158,0.121645494785971,0.0171496553048623
"22","MarineMetazoa","Full","LM",0.0394378093163875,0.000345990753980483,0.152223863582259,0.00389822654366819
