"","targetColumns.y","Dataset","model","meanBeta","sdBeta","meanAlpha","sdAlpha"
"17","MarineMetazoa","Full","BLM1_fit",0.0392000114517172,0.000273014759367054,0.154984832899357,0.00306819883173404
"18","MarineMetazoa","Full","BLM1_fit_NoErrors",0.0393929146643475,0.000277049923918622,0.152359125252501,0.00310911919322885
"19","MarineMetazoa","Full","Weighted",0.0392907533509853,0.000307730849389276,0.153533884260797,0.00348035039387971
"20","MarineMetazoa","Full","York",0.0390947466169537,0.00050557146018365,0.157202756945244,0.00569083646661731
"21","MarineMetazoa","Full","Deming",0.0419293529514888,0.00223497881901203,0.126546333508022,0.0209411108936827
"22","MarineMetazoa","Full","LM",0.0394028294631624,0.000368562062653904,0.152281281597225,0.00419468126802373
