"","Material","Freq","Model","elpd_diff","se_diff"
"1","Foraminifera",260,"BLM3",-11403.2772421282,64.5064879502583
"2","Foraminifera",260,"BLM1_E",-2378666.58998908,14002.6482779599
"3","Foraminifera",260,"BLM1_NE",0,0
"4","Synthetic Calcite",117,"BLM1_E",-514131.05394027,7468.1161021514
"5","Synthetic Calcite",117,"BLM3",0,0
"6","Synthetic Calcite",117,"BLM1_NE",-600.972124327956,15.4352835017594
"7","Full",377,"BLM1_NE",0,0
"8","Full",377,"BLM3",-5559.16252709667,36.0388736999072
"9","Full",377,"BLM1_E",-1140395.60431089,6958.18223974203
