"","Material","Freq","Model","elpd_diff","se_diff"
"1","Foraminifera",274,"BLM3",-272.223365349332,1.85197289925701
"2","Foraminifera",274,"BLM1_E",-706847.595857573,4157.62274105056
"3","Foraminifera",274,"BLM1_NE",0,0
"4","Synthetic Calcite",117,"BLM1_E",-355521.031205299,5168.99575004982
"5","Synthetic Calcite",117,"BLM3",0,0
"6","Synthetic Calcite",117,"BLM1_NE",-1409.76146240137,19.9462491421832
"7","Full",391,"BLM1_NE",0,0
"8","Full",391,"BLM3",-14246.0393614972,73.8004178608025
"9","Full",391,"BLM1_E",-1502254.22352014,9077.15986562712
