"","Material","Freq","Model","elpd_diff","se_diff"
"1","Foraminifera",260,"BLM3",-1025.84782368988,4.21404798018354
"2","Foraminifera",260,"BLM1_E",-1473964.50115599,8676.82350118253
"3","Foraminifera",260,"BLM1_NE",0,0
"4","Synthetic Calcite",115,"BLM1_E",-366305.401380184,5319.53411259701
"5","Synthetic Calcite",115,"BLM3",0,0
"6","Synthetic Calcite",115,"BLM1_NE",-3439.09439330316,50.4603700140219
"7","Full",375,"BLM3",0,0
"8","Full",375,"BLM1_NE",-1053.17190748215,13.5130033063644
"9","Full",375,"BLM1_E",-2326608.50757276,14123.2137844934
