"","targetColumns.y","Dataset","model","meanBeta","sdBeta","meanAlpha","sdAlpha"
"17","SynCalForamTemoLess50C","Full","BLM1_fit",0.0417477702034437,0.00231290376162878,0.123169381240042,0.0274359973498937
"18","SynCalForamTemoLess50C","Full","BLM1_fit_NoErrors",0.0377972320627273,0.00093288927589563,0.170075387714344,0.0111275382910991
"19","SynCalForamTemoLess50C","Full","Weighted",0.0373898183564369,0.000960179336166748,0.174930127265512,0.011496094486194
"20","SynCalForamTemoLess50C","Full","York",0.0455889884863181,0.00573188552825175,0.0780277261365725,0.0701125297064769
"21","SynCalForamTemoLess50C","Full","Deming",0.0438087254109668,0.0157261955819605,0.0991734847237778,0.186418086450031
"22","SynCalForamTemoLess50C","Full","LM",0.0376055640060638,0.000826303523127819,0.172551831459737,0.00984775139809435
