"","targetColumns.y","Dataset","model","meanBeta","sdBeta","meanAlpha","sdAlpha"
"17","SynCalForamTemoLess50C","Full","BLM1_fit",0.0419479289318028,0.00276564284556057,0.120753710390714,0.0329772476507801
"18","SynCalForamTemoLess50C","Full","BLM1_fit_NoErrors",0.0376415044290526,0.000932115261688891,0.171988644946932,0.0111127020977738
"19","SynCalForamTemoLess50C","Full","Weighted",0.0374294151129615,0.000956442281107379,0.174557264079714,0.0115009543803539
"20","SynCalForamTemoLess50C","Full","York",0.0461398428107859,0.00495787516795447,0.0713202004775852,0.0610449550220976
"21","SynCalForamTemoLess50C","Full","Deming",0.0384489451013912,0.0257023895574932,0.161763720630838,0.299818745097004
"22","SynCalForamTemoLess50C","Full","LM",0.0375904696854322,0.0010318543541381,0.172599535455845,0.0124143855363538
