"","targetColumns.y","Dataset","model","meanBeta","sdBeta","meanAlpha","sdAlpha"
"17","SynCalForamTemoLess50C","Full","BLM1_fit",0.0403182788150184,0.00104351864439333,0.141180993291316,0.0123489464319152
"18","SynCalForamTemoLess50C","Full","BLM1_fit_NoErrors",0.0393959533811641,0.00108624900907804,0.152072481579134,0.0128347690391002
"19","SynCalForamTemoLess50C","Full","Weighted",0.0392908067066119,0.00106555593558408,0.153296073745177,0.012662309218255
"20","SynCalForamTemoLess50C","Full","York",0.0472152476402969,0.00534502664411619,0.0603299082628501,0.0650706667936743
"21","SynCalForamTemoLess50C","Full","Deming",0.0436060713892953,0.0192783757828422,0.101965333013482,0.225340960101553
"22","SynCalForamTemoLess50C","Full","LM",0.039406904699745,0.00105455901057132,0.15194940602669,0.0125582620282178
