"","targetColumns.y","Dataset","model","meanBeta","sdBeta","meanAlpha","sdAlpha"
"17","SynCalForamTemoLess50C","Full","BLM1_fit",0.0389505861901263,0.00122215874399221,0.154738110372985,0.0144075831250673
"18","SynCalForamTemoLess50C","Full","BLM1_fit_NoErrors",0.0388241249409676,0.00116278907165,0.156045491156885,0.0136834664202801
"19","SynCalForamTemoLess50C","Full","Weighted",0.0388977428925887,0.00120221881147584,0.155237216110217,0.0143122310030802
"20","SynCalForamTemoLess50C","Full","York",0.045658035266702,0.00439892060418673,0.0749790115697878,0.0533840803816222
"21","SynCalForamTemoLess50C","Full","Deming",0.0389694758024518,0.00813606770330174,0.155116470493611,0.0992568118610495
"22","SynCalForamTemoLess50C","Full","LM",0.0387704751566506,0.00116760970686693,0.156725505630795,0.013909479190259
