"","Material","Freq","BLM1_fit","BLM1_fit_NoErrors","BLM3_fit"
"1","Forams",210,-3341.00295898673,-1155.76399001686,-3341.16555212134
"2","Neither",386,-3700.59892228791,-1980.07008770659,-3700.74986153792
"3","Synthetic",213,-2426.72346281154,-1143.26604155165,-2426.69323586681
"4","Full",809,-9464.82892469539,-4240.84522572295,-9465.47827600988
