"","Material","Freq","BLM1_fit","BLM1_fit_NoErrors","BLM3_fit"
"1","Forams",210,-3341.14058718015,-1155.74322230993,-3341.10590293513
"2","Neither",353,-3386.49728598358,-1802.31787288902,-3386.30327729437
"3","Synthetic",246,-2741.40725915542,-1324.98837741274,-2741.49013693354
"4","Full",809,-9465.23743593715,-4240.8490179332,-9464.77134281464
