"","targetColumns.y","Dataset","model","meanBeta","sdBeta","meanAlpha","sdAlpha"
"25","SyntheticVSForamwithoutS_","Full","BLM1_fit",0.0403632519810786,0.00043243976585589,0.143327916619582,0.00477290119008017
"26","SyntheticVSForamwithoutS_","Full","BLM1_fit_NoErrors",0.039307918693603,0.000242089977332827,0.154903071892847,0.00271608111322535
"27","SyntheticVSForamwithoutS_","Full","LM",0.0393366417735799,0.00025512820905532,0.154581686959721,0.00291226453354852
"28","SyntheticVSForamwithoutS_","Full","Weighted",0.0393300050136949,0.000251700652219423,0.154636078442083,0.00290949513418648
"29","SyntheticVSForamwithoutS_","Full","York",0.0392569814474875,0.000507009249210278,0.156460552657837,0.00564780005740253
"30","SyntheticVSForamwithoutS_","Full","Deming",0.0401208606451559,0.00391713005210392,0.148835664353182,0.0362350502152156
