"","targetColumns.y","Dataset","model","meanBeta","sdBeta","meanAlpha","sdAlpha"
"25","SyntheticVSForamwithoutS_","Full","BLM1_fit",0.0390139683629688,0.000267030487092686,0.158860370781284,0.00302471455626331
"26","SyntheticVSForamwithoutS_","Full","BLM1_fit_NoErrors",0.0389284656115749,0.000251040407621601,0.159784429799033,0.00282143612666514
"27","SyntheticVSForamwithoutS_","Full","LM",0.0389127342411358,0.000233299344552558,0.159961456027787,0.00258955943300004
"28","SyntheticVSForamwithoutS_","Full","Weighted",0.038947027305771,0.000241575086429633,0.159591948054817,0.00266002873074428
"29","SyntheticVSForamwithoutS_","Full","York",0.0392296802595268,0.000485073750594145,0.157442777422545,0.00543010871907235
"30","SyntheticVSForamwithoutS_","Full","Deming",0.0398698861270728,0.0027232933191278,0.151759418884812,0.0250985090112093
