"","targetColumns.y","Dataset","model","meanBeta","sdBeta","meanAlpha","sdAlpha"
"25","SyntheticVSForamwithoutS_","Full","BLM1_fit",0.0398973804438884,0.000397058255433342,0.14811883890494,0.00434032518791106
"26","SyntheticVSForamwithoutS_","Full","BLM1_fit_NoErrors",0.039253697194615,0.000224464115999415,0.15514375490532,0.00250255274298644
"27","SyntheticVSForamwithoutS_","Full","LM",0.0392582783223106,0.000229385604373745,0.155075452862565,0.00263950437356306
"28","SyntheticVSForamwithoutS_","Full","Weighted",0.0392154743779017,0.00022335071200187,0.155528739752738,0.00248238322383294
"29","SyntheticVSForamwithoutS_","Full","York",0.0391870065465647,0.000469958777772181,0.157395554424882,0.00480838767040442
"30","SyntheticVSForamwithoutS_","Full","Deming",0.0400257141748199,0.00282960593513416,0.150095876669308,0.0238677709957106
