"","targetColumns.y","Dataset","model","meanBeta","sdBeta","meanAlpha","sdAlpha"
"25","SyntheticVSForam","Full","BLM1_fit",0.0386526085299273,0.000266634104277766,0.162032756097256,0.00300742942823962
"26","SyntheticVSForam","Full","BLM1_fit_NoErrors",0.038741006859608,0.000271905369440297,0.160831488799419,0.00306201245106654
"27","SyntheticVSForam","Full","LM",0.0387437915451658,0.000244795066189155,0.160762998959714,0.00268433568447433
"28","SyntheticVSForam","Full","Weighted",0.0387584951342018,0.000238183017328823,0.160610172549016,0.00260432343868254
"29","SyntheticVSForam","Full","York",0.0390610295390156,0.000457128105370862,0.157813484939099,0.00513093138824438
"30","SyntheticVSForam","Full","Deming",0.0419707446743321,0.00226152266485881,0.128737922040519,0.0216235358246823
