"","targetColumns.y","Dataset","model","meanBeta","sdBeta","meanAlpha","sdAlpha"
"121","Lab","Full","BLM1_fit",0.0392141254306885,0.000291138777834328,0.15488445185888,0.00327648332584831
"122","Lab","Full","BLM1_fit_NoErrors",0.0394068322514121,0.000294169333681946,0.152291735724364,0.00329173134156324
"123","Lab","Full","Weighted",0.0393096253505316,0.000321899400919634,0.153332910747376,0.00364319659913335
"124","Lab","Full","York",0.0390448276563721,0.000499032150370254,0.15725834723054,0.00546496997811648
"125","Lab","Full","Deming",0.0416203668738116,0.00220307218006203,0.128363962993987,0.0215824544750509
"126","Lab","Full","LM",0.0393884371044733,0.000356356395370734,0.152485945367686,0.00403705720985592
