"","targetColumns.y","Dataset","model","meanBeta","sdBeta","meanAlpha","sdAlpha"
"153","Lab","Full","BLM1_fit",0.0403340374726461,0.000397241770016601,0.142012557931771,0.00436345519536556
"154","Lab","Full","BLM1_fit_NoErrors",0.0397079413076099,0.000245252063846861,0.148844548787632,0.00273947381272481
"155","Lab","Full","Weighted",0.039681979104792,0.000286176209481555,0.149170124948275,0.00325774480916565
"156","Lab","Full","York",0.0392271528709977,0.000526453251512133,0.156408342975198,0.00595193439014857
"157","Lab","Full","Deming",0.0404482707495894,0.00423756371691301,0.144880478103962,0.037895298478915
"158","Lab","Full","LM",0.0397027041513306,0.000321449523448612,0.149026731039163,0.00360807541381259
