"","targetColumns.y","Dataset","model","meanBeta","sdBeta","meanAlpha","sdAlpha"
"121","Lab","Full","BLM1_fit",0.0392348347268341,0.000283755323534139,0.154651546301702,0.0031653252699311
"122","Lab","Full","BLM1_fit_NoErrors",0.0394169351939189,0.000283193819137457,0.152165202203678,0.00313646953575542
"123","Lab","Full","Weighted",0.0393424569962712,0.000305750136851467,0.152968259842915,0.00343169933297275
"124","Lab","Full","York",0.0390822697149236,0.000479466685608943,0.157288246997502,0.0053369258761052
"125","Lab","Full","Deming",0.041953407909753,0.00214776121052801,0.126794919942589,0.0199339086382371
"126","Lab","Full","LM",0.0394363702078189,0.000370634597043664,0.151965181994249,0.00416622527264654
