"","targetColumns.y","Dataset","model","meanBeta","sdBeta","meanAlpha","sdAlpha"
"121","Lab","Full","BLM1_fit",0.0392487776348111,0.00028006903776174,0.154603660467881,0.00315024503660999
"122","Lab","Full","BLM1_fit_NoErrors",0.0394838446194406,0.000283625990555702,0.151789482859055,0.00318427418857427
"123","Lab","Full","Weighted",0.0394095852409714,0.000309246901663043,0.152571167444583,0.00345970320491027
"124","Lab","Full","York",0.0390745763660902,0.00050547293072061,0.157497034599238,0.00555223147399811
"125","Lab","Full","Deming",0.0427371619825223,0.00157408164971968,0.120804593545901,0.0179744082933087
"126","Lab","Full","LM",0.0394948868733279,0.000360910629010685,0.151640684133782,0.00408266281084001
