"","targetColumns.y","Dataset","model","meanBeta","sdBeta","meanAlpha","sdAlpha"
"121","Lab","Full","BLM1_fit",0.0392413959672451,0.000281130529557599,0.154580169757379,0.00313361530723641
"122","Lab","Full","BLM1_fit_NoErrors",0.0394271479266107,0.000291410008339247,0.152050006961976,0.00322782168764296
"123","Lab","Full","Weighted",0.0393485743480991,0.000320005523854009,0.152971151804026,0.00360926457270707
"124","Lab","Full","York",0.0390906021476423,0.000475176393578268,0.157251209041657,0.00536668494515732
"125","Lab","Full","Deming",0.0419755029498588,0.0021933028853443,0.126727477360935,0.0206002955242296
"126","Lab","Full","LM",0.0394181973090751,0.000380599626331523,0.15216225070568,0.00431469785093457
