"","targetColumns.y","Dataset","model","meanBeta","sdBeta","meanAlpha","sdAlpha"
"121","Lab","Full","BLM1_fit",0.0396818895163195,0.000274451075440441,0.150324724956437,0.00308133850770022
"122","Lab","Full","BLM1_fit_NoErrors",0.0395955473819292,0.000273494610685284,0.151257671817546,0.00304713069481084
"123","Lab","Full","Weighted",0.0395122617251435,0.00029580724931397,0.152175599936607,0.00334904579328056
"124","Lab","Full","York",0.0392764160422891,0.000504162747988033,0.156735285478094,0.0057412013099757
"125","Lab","Full","Deming",0.0399936493108196,0.00302817061318029,0.150817302608655,0.0255478424140703
"126","Lab","Full","LM",0.0396245459634016,0.000357342873871983,0.150962702089142,0.00401765763806762
