"","targetColumns","Material","BLM1_fit","BLM1_fit_NoErrors","BLM3_fit"
"1","SyntheticVSForam","Full",-6095.26830774044,-2377.22963589329,-6094.83499597999
"2","SyntheticVSForam","2",-2576.06521120435,-1113.69882876164,-2576.04360334388
"3","SyntheticVSForam","1",-3525.86546500113,-1286.51417797653,-3525.92904699737
