"","Material","Freq","Model","elpd_diff","se_diff"
"1","CDES",307,"BLM3",-2096.6330626861,36.8956703581501
"2","CDES",307,"BLM1_E",-656311.529436107,14071.6469590651
"3","CDES",307,"BLM1_NE",0,0
"4","ICDES",599,"BLM1_E",-2736060.27368316,20325.8644474151
"5","ICDES",599,"BLM3",0,0
"6","ICDES",599,"BLM1_NE",-2602.68237967128,35.2979768289923
"7","Full",906,"BLM3",0,0
"8","Full",906,"BLM1_NE",-1094.52188565552,7.41164688102006
"9","Full",906,"BLM1_E",-2160187.49040275,18772.3110223931
