"","Material","Freq","Model","elpd_diff","se_diff"
"1","CDES",307,"BLM3",-724.910502727508,13.2454627675405
"2","CDES",307,"BLM1_E",-3082362.86379959,65670.455671896
"3","CDES",307,"BLM1_NE",0,0
"4","ICDES",699,"BLM1_E",-1446675.60850258,12986.0410510241
"5","ICDES",699,"BLM1_NE",0,0
"6","ICDES",699,"BLM3",-9107.37558477846,76.0527095492138
"7","Full",1006,"BLM3",0,0
"8","Full",1006,"BLM1_NE",-3477.56819070857,38.2387736458732
"9","Full",1006,"BLM1_E",-2553942.6626449,23541.1092523132
