"","Material","Freq","Model","elpd_diff","se_diff"
"1","CDES",307,"BLM3",-3463.23302732167,69.5028671688667
"2","CDES",307,"BLM1_E",-1137614.29943065,24256.8350910248
"3","CDES",307,"BLM1_NE",0,0
"4","ICDES",686,"BLM1_E",-1699492.89760372,15438.6778009172
"5","ICDES",686,"BLM3",0,0
"6","ICDES",686,"BLM1_NE",-16551.4959948418,156.353051138103
"7","Full",993,"BLM1_NE",0,0
"8","Full",993,"BLM3",-9921.97637209631,95.2024857179348
"9","Full",993,"BLM1_E",-2219750.66875332,20577.7312538574
