"","Material","Freq","BLM1_fit","BLM1_fit_NoErrors","BLM3_fit"
"1","CDES",294,-3089.76749893017,-1349.29360055312,-3089.88057437634
"2","ICDES",538,-6550.73193365969,-2932.61676141052,-6550.48906978043
"3","Full",832,-9636.90664209587,-4208.91510756204,-9633.50753776183
