"","targetColumns.y","Dataset","model","meanBeta","sdBeta","meanAlpha","sdAlpha"
"17","CDESorICDES","Full","BLM1_fit",0.0392087212602083,0.000276378568797144,0.154888068043207,0.00309771151397435
"18","CDESorICDES","Full","BLM1_fit_NoErrors",0.0393967595497034,0.000283853454457306,0.152314756737915,0.00317345137482883
"19","CDESorICDES","Full","Weighted",0.0393012124598988,0.000289081195338479,0.153405959501001,0.00326260419412315
"20","CDESorICDES","Full","York",0.0390859982945756,0.000501943180275424,0.157160795993182,0.005612496669794
"21","CDESorICDES","Full","Deming",0.0419407283319329,0.00210006065465494,0.126964228442352,0.0200338538556068
"22","CDESorICDES","Full","LM",0.0393800579596804,0.000351403596809598,0.152562914250702,0.00399695872893225
