"","targetColumns.y","Dataset","model","meanBeta","sdBeta","meanAlpha","sdAlpha"
"17","CDESorICDES","Full","BLM1_fit",0.039223094884582,0.000274327577554013,0.154833063001309,0.00308145956576831
"18","CDESorICDES","Full","BLM1_fit_NoErrors",0.0394563461308862,0.000272074159836251,0.151984841449497,0.00304173601592291
"19","CDESorICDES","Full","Weighted",0.0393675930474191,0.000295674226211863,0.152986012899617,0.00333755489876104
"20","CDESorICDES","Full","York",0.0390663555065486,0.000472290945915991,0.157547144209498,0.00529294964636708
"21","CDESorICDES","Full","Deming",0.042662389141739,0.00152698407154625,0.121720046712405,0.017225507395912
"22","CDESorICDES","Full","LM",0.0394629370675171,0.000359456578945945,0.151949913548031,0.00409156582985171
