"","targetColumns.y","Dataset","model","meanBeta","sdBeta","meanAlpha","sdAlpha"
"17","CDESorICDES","Full","BLM1_fit",0.0396502723706278,0.000280779422525003,0.150591253310485,0.00313851742992124
"18","CDESorICDES","Full","BLM1_fit_NoErrors",0.0395712827735165,0.000270622485383778,0.151421831685386,0.00304664058163881
"19","CDESorICDES","Full","Weighted",0.0394553723591382,0.000307680381031948,0.152712240918835,0.00351784533536513
"20","CDESorICDES","Full","York",0.0392604479686273,0.000507099666457218,0.156844569478224,0.0056343164813496
"21","CDESorICDES","Full","Deming",0.0398382710104252,0.00269340017302871,0.15196850641683,0.0235944836828833
"22","CDESorICDES","Full","LM",0.0395676764539397,0.000362956394575557,0.15150584939115,0.00412315534981361
