"","targetColumns.y","Dataset","model","meanBeta","sdBeta","meanAlpha","sdAlpha"
"17","CDESorICDES","Full","BLM1_fit",0.0392175478427029,0.000282664655291703,0.154788042638445,0.00316871169226706
"18","CDESorICDES","Full","BLM1_fit_NoErrors",0.0394002652526281,0.000281536018243386,0.152293855151716,0.00313720009578878
"19","CDESorICDES","Full","Weighted",0.0392853827003971,0.000315983631130236,0.153594403932208,0.00357141118542624
"20","CDESorICDES","Full","York",0.0390901862391504,0.000476140271258105,0.157326248925644,0.00539885819057245
"21","CDESorICDES","Full","Deming",0.0419945872210613,0.00226758119127236,0.126202912361601,0.021545878386187
"22","CDESorICDES","Full","LM",0.0393675644017334,0.000357542039021154,0.152660376295627,0.00405921987631543
