"","targetColumns.y","Dataset","model","meanBeta","sdBeta","meanAlpha","sdAlpha"
"17","CDESorICDES","Full","BLM1_fit",0.0392130527848007,0.000271712036155742,0.154875008795852,0.00304960988815883
"18","CDESorICDES","Full","BLM1_fit_NoErrors",0.0393999743680906,0.000277316993660785,0.152304074937477,0.00310507394443488
"19","CDESorICDES","Full","Weighted",0.0393032779051475,0.000310004179863062,0.15333966091231,0.00348806157558161
"20","CDESorICDES","Full","York",0.0390541338823462,0.00049185540584011,0.157549603843974,0.00543461340788335
"21","CDESorICDES","Full","Deming",0.0419473761212498,0.00217620951593432,0.126831421355712,0.0203885493443512
"22","CDESorICDES","Full","LM",0.0394123047205392,0.000366387629225387,0.152153250566909,0.00416947669980443
