"","targetColumns.y","Dataset","model","meanBeta","sdBeta","meanAlpha","sdAlpha"
"17","CDESorICDES","Full","BLM1_fit",0.040171980973519,0.000386917336054466,0.143725190147335,0.00428697650926903
"18","CDESorICDES","Full","BLM1_fit_NoErrors",0.0396903484838274,0.000240002429821295,0.149006823156651,0.00269172877377327
"19","CDESorICDES","Full","Weighted",0.039653722917562,0.000252128423959643,0.149378224192158,0.0029115627804853
"20","CDESorICDES","Full","York",0.0393378217612252,0.000569424230466131,0.155353420596256,0.00636922429081839
"21","CDESorICDES","Full","Deming",0.0397758658871257,0.00281800495512418,0.152060560701841,0.0248175889721408
"22","CDESorICDES","Full","LM",0.0396678314134819,0.000284875297658564,0.149368585258045,0.00318967722699476
