"","targetColumns.y","Dataset","model","meanBeta","sdBeta","meanAlpha","sdAlpha"
"17","CDESorICDES","Full","BLM1_fit",0.0399399743867829,0.000461621841816991,0.146676519892461,0.00513077878597442
"18","CDESorICDES","Full","BLM1_fit_NoErrors",0.0393914395801202,0.000256520848009201,0.152711974202451,0.00289254505458715
"19","CDESorICDES","Full","Weighted",0.0393151788532341,0.000288632032184378,0.153566942282243,0.003338535498128
"20","CDESorICDES","Full","York",0.0392461093494897,0.000508793671016151,0.156728886244937,0.00580653232809613
"21","CDESorICDES","Full","Deming",0.0397205605095058,0.00196202307404727,0.152740158153282,0.016842567816289
"22","CDESorICDES","Full","LM",0.0394027789553571,0.000371158608973271,0.15260776033543,0.0042525224567124
