"","Material","Freq","Model","elpd_diff","se_diff"
"1","Foraminifera",274,"BLM1_NE",-4900.48656892373,21.3167265583351
"2","Foraminifera",274,"BLM1_E",-700340.072409137,4117.51836733502
"3","Foraminifera",274,"BLM3",0,0
"4","Synthetic Calcite",181,"BLM1_E",-4971662.93642122,154443.739960162
"5","Synthetic Calcite",181,"BLM3",0,0
"6","Synthetic Calcite",181,"BLM1_NE",-3223.70459038279,92.6346489509058
"7","Full",455,"BLM3",0,0
"8","Full",455,"BLM1_NE",-6085.85491197996,78.1742279205922
"9","Full",455,"BLM1_E",-3271751.53564249,41695.7181129869
