"","Material","Freq","BLM1_fit","BLM1_fit_NoErrors","BLM3_fit"
"1","Foraminifera",210,-3340.95655971877,-1155.75542733928,-3341.29252957062
"2","Synthetic Calcite",170,-1942.46605074633,-909.023756852406,-1942.49427716618
"3","Full",380,-5282.32284747507,-2056.26903167252,-5284.56215191741
