"","Material","Freq","Model","elpd_diff","se_diff"
"1","Foraminifera",260,"BLM1_NE",-11523.4379960004,68.2323697295374
"2","Foraminifera",260,"BLM1_E",-9971988.16404939,58661.0234920643
"3","Foraminifera",260,"BLM3",0,0
"4","Synthetic Calcite",181,"BLM1_E",-529625.274753176,17312.0511328652
"5","Synthetic Calcite",181,"BLM1_NE",0,0
"6","Synthetic Calcite",181,"BLM3",-2859.81034642008,67.4868072567375
"7","Full",441,"BLM3",0,0
"8","Full",441,"BLM1_NE",-9954.65009311745,106.490655771368
"9","Full",441,"BLM1_E",-1415950.98163256,18561.3926957782
