"","Material","Freq","Model","elpd_diff","se_diff"
"1","Foraminifera",260,"BLM3",-2684.45464032503,12.5040907241033
"2","Foraminifera",260,"BLM1_E",-10758518.5107484,63283.1643684606
"3","Foraminifera",260,"BLM1_NE",0,0
"4","Synthetic Calcite",170,"BLM1_E",-981263.513048884,30062.6661816577
"5","Synthetic Calcite",170,"BLM3",0,0
"6","Synthetic Calcite",170,"BLM1_NE",-6698.99518143518,185.255581187989
"7","Full",430,"BLM3",0,0
"8","Full",430,"BLM1_NE",-15936.2660228206,172.804399024823
"9","Full",430,"BLM1_E",-3255436.96271064,40138.5991721994
