"","targetColumns.y","Dataset","model","meanBeta","sdBeta","meanAlpha","sdAlpha"
"17","SynCalForam_","Full","BLM1_fit",0.0387889198780292,0.000411291717840575,0.158716816030773,0.00462362625629968
"18","SynCalForam_","Full","BLM1_fit_NoErrors",0.0383952432153742,0.000308009994387263,0.163050490695906,0.00352489051574582
"19","SynCalForam_","Full","Weighted",0.038423167657108,0.000176410404772561,0.162747853595988,0.00185868429246401
"20","SynCalForam_","Full","York",0.0385852000753109,0.000541621860641036,0.159422776553965,0.0054642374708569
"21","SynCalForam_","Full","Deming",0.0386507264060301,0.000593747805435118,0.15887614701917,0.00591788623109545
"22","SynCalForam_","Full","LM",0.038353067719988,0.000222579227998296,0.163557730672875,0.00241106333694254
