"","targetColumns.y","Dataset","model","meanBeta","sdBeta","meanAlpha","sdAlpha"
"17","SynCalForam_","Full","BLM1_fit",0.0391000158737309,0.000436746344023589,0.15465238828667,0.00486582069347358
"18","SynCalForam_","Full","BLM1_fit_NoErrors",0.038697163907726,0.000320046946813547,0.159072375853587,0.00362371527962491
"19","SynCalForam_","Full","Weighted",0.0386952588560254,0.000304139833598863,0.158880237219286,0.00343999983393038
"20","SynCalForam_","Full","York",0.038617316065774,0.000585377751899043,0.158833391803286,0.0055657355581289
"21","SynCalForam_","Full","Deming",0.038589087008521,0.00053228318032872,0.159068167009223,0.00511413204584532
"22","SynCalForam_","Full","LM",0.0386569795560037,0.000280883824836484,0.159474545971246,0.00314717266978052
