"","targetColumns.y","Dataset","model","meanBeta","sdBeta","meanAlpha","sdAlpha"
"17","SynCalForam_","Full","BLM1_fit",0.0383418128196754,0.00030286517086459,0.162093608177368,0.00339458510969618
"18","SynCalForam_","Full","BLM1_fit_NoErrors",0.0382923437721548,0.000333756240615082,0.162548960800493,0.00370863722778678
"19","SynCalForam_","Full","Weighted",0.0382534352268517,0.000186284928905675,0.162889904056434,0.00187234347869717
"20","SynCalForam_","Full","York",0.0385148214080421,0.000524353537153738,0.158912463102558,0.00531826803516392
"21","SynCalForam_","Full","Deming",0.0383597867968257,0.0026727420430078,0.161555809625655,0.0387421172636884
"22","SynCalForam_","Full","LM",0.0382873153459236,0.000206578071644144,0.162591478724472,0.00214573245106335
