"","Material","Freq","Model","elpd_diff","se_diff"
"1","Lake",82,"BLM1_NE",-120.397506179998,1.44860254868567
"2","Lake",82,"BLM1_E",-443721.624366859,3868.59025252158
"3","Lake",82,"BLM3",0,0
"4","Non-lake",824,"BLM1_E",-1182018.50081836,12217.5109573032
"5","Non-lake",824,"BLM1_NE",0,0
"6","Non-lake",824,"BLM3",-3040.16456262268,28.5400459400416
"7","Full",906,"BLM1_NE",0,0
"8","Full",906,"BLM3",-35.3651959448558,28.8588538716577
"9","Full",906,"BLM1_E",-1335146.85449742,12023.917720395
