"","Material","Freq","Model","elpd_diff","se_diff"
"1","Lake",82,"BLM3",0,0
"2","Lake",82,"BLM1_NE",-1253.83866630641,11.366977235748
"3","Lake",82,"BLM1_E",-900631.65845075,7841.28783710664
"4","Non-lake",925,"BLM1_NE",0,0
"5","Non-lake",925,"BLM3",-919.837131460473,16.6111558873809
"6","Non-lake",925,"BLM1_E",-98057087.0930675,946179.262298961
"7","Full",1007,"BLM3",0,0
"8","Full",1007,"BLM1_NE",-8915.94457286351,86.8229475519233
"9","Full",1007,"BLM1_E",-2784223.51507326,25163.2205395623
