"","Material","Freq","Model","elpd_diff","se_diff"
"1","Lake",82,"BLM3",-735.410777960117,6.40231641968924
"2","Lake",82,"BLM1_E",-38961.8091126681,631.80517860149
"3","Lake",82,"BLM1_NE",0,0
"4","Non-lake",772,"BLM1_E",-31843.8296869537,309.064463746953
"5","Non-lake",772,"BLM1_NE",0,0
"6","Non-lake",772,"BLM3",-6503.65303882076,69.7816154037878
"7","Full",854,"BLM1_NE",0,0
"8","Full",854,"BLM3",-3287.94839093763,31.4791685459685
"9","Full",854,"BLM1_E",-40702.3248324081,363.710234667682
