"","Material","Freq","BLM1_fit","BLM1_fit_NoErrors","BLM3_fit"
"1","Lake",82,-681.961833778913,-445.651555677714,-682.12207512388
"2","Non-lake",750,-8955.5845378546,-3774.8845070778,-8955.49174488367
"3","Full",832,-9636.79923555026,-4208.9227779826,-9637.86073651103
