"","Material","Freq","BLM1_fit","BLM1_fit_NoErrors","BLM3_fit"
"1","Lake",82,-681.988470451848,-445.63246968963,-681.910614049169
"2","Non-lake",771,-7585.60430243823,-3801.02676306469,-7585.73476171682
"3","Full",NA,-8266.38219222132,-4232.85024637038,-8266.94542122687
