"","Material","Freq","BLM1_fit","BLM1_fit_NoErrors","BLM3_fit"
"1","Lake",82,-681.949042204639,-445.641064789965,-682.078073954241
"2","Non-lake",750,-8955.65693142923,-3774.884270685,-8955.21882986792
"3","Full",832,-9636.67875816837,-4208.92553642402,-9637.81445183017
