"","targetColumns.y","Dataset","model","meanBeta","sdBeta","meanAlpha","sdAlpha"
"17","Lake","Full","BLM1_fit",0.0392134343568577,0.000277069705085264,0.154921087812327,0.00310509019632878
"18","Lake","Full","BLM1_fit_NoErrors",0.0394608202076425,0.000279309673653254,0.151936348742746,0.00312851816768372
"19","Lake","Full","Weighted",0.0393793261712389,0.000305249086483184,0.152792051064692,0.00342030359852215
"20","Lake","Full","York",0.0390669112807326,0.000472547511127382,0.157507566306855,0.00523161816896812
"21","Lake","Full","Deming",0.0427404843249806,0.00156692258714967,0.12070029103431,0.0178471331854681
"22","Lake","Full","LM",0.0394529807834233,0.0003558007925218,0.151999072477596,0.00401104273306079
