"","targetColumns.y","Dataset","model","meanBeta","sdBeta","meanAlpha","sdAlpha"
"17","Lake","Full","BLM1_fit",0.0398056008044809,0.000457772317910564,0.148165937251297,0.00508836965477162
"18","Lake","Full","BLM1_fit_NoErrors",0.0393810413366334,0.000261351240272307,0.152854335104182,0.00292909164150042
"19","Lake","Full","Weighted",0.0392662482037043,0.000277264873990929,0.154151621135705,0.00313598629175538
"20","Lake","Full","York",0.0392498926193824,0.000494931059802019,0.15675229790455,0.00554023420817118
"21","Lake","Full","Deming",0.0397532416668713,0.00255487063495449,0.152674830369648,0.0237851096868916
"22","Lake","Full","LM",0.0394065988617376,0.00036083300207935,0.15256692447523,0.00416115463828162
