"","targetColumns.y","Dataset","model","meanBeta","sdBeta","meanAlpha","sdAlpha"
"17","Lake","Full","BLM1_fit",0.0403878496100568,0.000439328935250592,0.141426844487696,0.00481229823976319
"18","Lake","Full","BLM1_fit_NoErrors",0.0396933094344213,0.000238666940013993,0.148967291456182,0.00266665288466652
"19","Lake","Full","Weighted",0.0395794203350502,0.000238278464237056,0.150243267043606,0.00269545882388865
"20","Lake","Full","York",0.0392582555835233,0.000457961527484097,0.156323306111859,0.0053657056673495
"21","Lake","Full","Deming",0.0400134637829777,0.00283368367349866,0.15044220763991,0.023493022165778
"22","Lake","Full","LM",0.0396902698748208,0.000264761956159004,0.149113060857407,0.00305991746736086
