"","targetColumns.y","Dataset","model","meanBeta","sdBeta","meanAlpha","sdAlpha"
"17","Lake","Full","BLM1_fit",0.0392185434562056,0.000277579844301314,0.154754269932332,0.00310966151632506
"18","Lake","Full","BLM1_fit_NoErrors",0.0393883044631647,0.00028979771133252,0.152420036635657,0.00323768659871618
"19","Lake","Full","Weighted",0.0393063459151344,0.000303944606975896,0.153314726438969,0.00342906232282556
"20","Lake","Full","York",0.0390503523556481,0.000464409389156248,0.157542994735441,0.00529898821085681
"21","Lake","Full","Deming",0.0420206496604653,0.00220080638106318,0.126067012933264,0.0204635702842413
"22","Lake","Full","LM",0.0393847748456249,0.000372733443338272,0.152454775099539,0.00419776385803006
