"","targetColumns.y","Dataset","model","meanBeta","sdBeta","meanAlpha","sdAlpha"
"17","Lake","Full","BLM1_fit",0.0392015803043961,0.000280753428837504,0.1549432019851,0.003149255689114
"18","Lake","Full","BLM1_fit_NoErrors",0.0393893917681916,0.000281459996454087,0.152412913774329,0.00312992634222583
"19","Lake","Full","Weighted",0.0392941920457755,0.000308986587592314,0.153477167684058,0.00347431109399143
"20","Lake","Full","York",0.0390341085895567,0.000460251877978016,0.157736845532241,0.00516423887216481
"21","Lake","Full","Deming",0.0420781696095905,0.00217439478865022,0.125518922494947,0.0207586713710495
"22","Lake","Full","LM",0.0393899553196696,0.000346891171281839,0.152430226176807,0.00389017496171583
