"","targetColumns.y","Dataset","model","meanBeta","sdBeta","meanAlpha","sdAlpha"
"17","Lake","Full","BLM1_fit",0.0396468752254055,0.000271539529266086,0.150610228136208,0.0030377200388618
"18","Lake","Full","BLM1_fit_NoErrors",0.0395459034490353,0.000270733896711781,0.151729474513235,0.00302968391507979
"19","Lake","Full","Weighted",0.0394568412181123,0.000311203934001326,0.152742071770548,0.00352373091581738
"20","Lake","Full","York",0.0392633130243232,0.000516304448039768,0.156753151242006,0.00578971758709646
"21","Lake","Full","Deming",0.0399917762946722,0.00290488203411706,0.15054099055822,0.0249739069290606
"22","Lake","Full","LM",0.0395475611924078,0.000366872394449504,0.151742651227639,0.00414882099927551
