"","targetColumns.y","Dataset","model","meanBeta","sdBeta","meanAlpha","sdAlpha"
"17","Lake","Full","BLM1_fit",0.0401377824128881,0.000504951893110295,0.144522751990333,0.00551397587522368
"18","Lake","Full","BLM1_fit_NoErrors",0.0397478874813208,0.000259315106766855,0.148738178372746,0.00290227335124627
"19","Lake","Full","Weighted",0.039673098741611,0.000286763290706517,0.149562221271861,0.00326902773259123
"20","Lake","Full","York",0.0392802251426519,0.000511681776366521,0.155791904132566,0.00562038388087026
"21","Lake","Full","Deming",0.0402047095060125,0.00349652162349897,0.148313032102803,0.0294572535296777
"22","Lake","Full","LM",0.0397181130376639,0.000328331487544415,0.149062048692088,0.00372608563508648
