"","Material","Freq","Model","elpd_diff","se_diff"
"1","Natural",585,"BLM3",0,0
"2","Natural",585,"BLM1_NE",-830.223312952881,6.37215787990767
"3","Natural",585,"BLM1_E",-53251.5154230003,294.180162759916
"4","Synthetic",246,"BLM1_NE",0,0
"5","Synthetic",246,"BLM1_E",-3428.33442187808,86.2980488917776
"6","Synthetic",246,"BLM3",-6321.98652736621,150.025495730559
"7","Full",2493,"BLM3",0,0
"8","Full",2493,"BLM1_NE",-775.402032310803,9.39322435194034
"9","Full",2493,"BLM1_E",-62425.2540421694,535.728404594947
