"","Material","Freq","Model","elpd_diff","se_diff"
"1","Natural",668,"BLM1_NE",0,0
"2","Natural",668,"BLM3",-5673.40007112409,26.3532428538763
"3","Natural",668,"BLM1_E",-3084396.71925284,15790.7300414785
"4","Synthetic",289,"BLM3",0,0
"5","Synthetic",289,"BLM1_NE",-3129.76872004497,78.3871030617571
"6","Synthetic",289,"BLM1_E",-1817848.68065714,53367.295744994
"7","Full",957,"BLM1_NE",0,0
"8","Full",957,"BLM3",-8106.84336884676,78.4333267743804
"9","Full",957,"BLM1_E",-1438939.56892228,12879.3258002265
