"","Material","Freq","Model","elpd_diff","se_diff"
"1","Natural",624,"BLM1_NE",0,0
"2","Natural",624,"BLM3",-4014.61613497311,21.7768671400185
"3","Natural",624,"BLM1_E",-3155615.41805361,16822.4446408557
"4","Synthetic",246,"BLM3",0,0
"5","Synthetic",246,"BLM1_NE",-9241.98995448008,219.289387379317
"6","Synthetic",246,"BLM1_E",-1191733.82305407,31444.137828804
"7","Full",870,"BLM3",0,0
"8","Full",870,"BLM1_NE",-3769.21724542359,33.5149105918829
"9","Full",870,"BLM1_E",-2104509.12477241,18089.6794414162
