"","targetColumns.y","Dataset","model","meanBeta","sdBeta","meanAlpha","sdAlpha"
"17","NaturalSynthetic","Full","BLM1_fit",0.0386454468568309,0.000269060227050288,0.162095533657976,0.00301640398855448
"18","NaturalSynthetic","Full","BLM1_fit_NoErrors",0.0387465637806323,0.000268390596364033,0.160751929989691,0.00301929992311562
"19","NaturalSynthetic","Full","Weighted",0.0387604793823478,0.000238830454987522,0.160589346864734,0.00264695062410624
"20","NaturalSynthetic","Full","York",0.0390151118331343,0.000448780694275502,0.158179740932001,0.00503958078499463
"21","NaturalSynthetic","Full","Deming",0.0419598868299911,0.00216849602238482,0.128699203584735,0.0207062010413663
"22","NaturalSynthetic","Full","LM",0.0387632244858992,0.000237710038153478,0.160582602765406,0.00260610535248282
