"","targetColumns.y","Dataset","model","meanBeta","sdBeta","meanAlpha","sdAlpha"
"17","NaturalSynthetic","Full","BLM1_fit",0.0386574172658754,0.000273215713544203,0.161987697810241,0.00304628879572608
"18","NaturalSynthetic","Full","BLM1_fit_NoErrors",0.0387461925770917,0.000270807330853284,0.160749472278546,0.00304309081641478
"19","NaturalSynthetic","Full","Weighted",0.0387701436090041,0.000248750944704099,0.160498007370042,0.00274145924274554
"20","NaturalSynthetic","Full","York",0.0390348585315174,0.000468552176357405,0.158020171263482,0.00535424837277067
"21","NaturalSynthetic","Full","Deming",0.0418089442713923,0.00216932447401429,0.130289583029154,0.0207784136030995
"22","NaturalSynthetic","Full","LM",0.0387472207862843,0.000251297599168818,0.160749853190486,0.00277352063075253
