"","targetColumns.y","Dataset","model","meanBeta","sdBeta","meanAlpha","sdAlpha"
"17","NaturalSyntheticwithoutS","Full","BLM1_fit",0.039123582829166,0.00046301513375284,0.157214712974297,0.00519430618608142
"18","NaturalSyntheticwithoutS","Full","BLM1_fit_NoErrors",0.0387361284486823,0.000246889592390169,0.161520544761339,0.00279656525741552
"19","NaturalSyntheticwithoutS","Full","Weighted",0.0387920119311021,0.000221098397003054,0.160923264404808,0.00245977644143797
"20","NaturalSyntheticwithoutS","Full","York",0.0392685415054434,0.000577769337950218,0.156601001039409,0.00663990075180522
"21","NaturalSyntheticwithoutS","Full","Deming",0.0398034619724479,0.00295735815732893,0.153658441413031,0.020058229482542
"22","NaturalSyntheticwithoutS","Full","LM",0.0387011303847297,0.000227234967937809,0.161936197717618,0.0025735570944174
