"","targetColumns.y","Dataset","model","meanBeta","sdBeta","meanAlpha","sdAlpha"
"25","Mineralogy","Full","BLM1_fit",0.0393216038330029,0.000428024178769993,0.151484927055838,0.00431798032047612
"26","Mineralogy","Full","BLM1_fit_NoErrors",0.0394586893849163,0.000472874806501927,0.149079531262884,0.00483326272995586
"27","Mineralogy","Full","LM",0.0394523327489826,0.000568038247089556,0.14920469082805,0.00591288006632152
"28","Mineralogy","Full","Weighted",0.0393750591354397,0.000524194134367613,0.150012557867579,0.00538186614424956
"29","Mineralogy","Full","York",0.0385849483656577,0.000712084622578633,0.158540010969204,0.00530056489884122
"30","Mineralogy","Full","Deming",0.0409636138061465,0.00244311667655205,0.13071644545367,0.0251617491074005
