"","targetColumns.y","Dataset","model","meanBeta","sdBeta","meanAlpha","sdAlpha"
"33","MineralogyonlySynthetic","Full","BLM1_fit",0.0391435002105087,0.000400952323453923,0.152186674892367,0.00395091921264089
"34","MineralogyonlySynthetic","Full","BLM1_fit_NoErrors",0.0391557602486176,0.000412553333295033,0.15201460338796,0.00402701090177077
"35","MineralogyonlySynthetic","Full","Deming",0.0382578315289154,0.00339150440897169,0.161687385857318,0.0346179754840636
"36","MineralogyonlySynthetic","Full","LM",0.0391190952349691,0.000484422819499197,0.152409496065065,0.00488972473894268
"37","MineralogyonlySynthetic","Full","Weighted",0.0390813772387458,0.000460635072840784,0.152765867074536,0.00452356256042113
"38","MineralogyonlySynthetic","Full","York",0.0384841439354691,0.000652201017240737,0.159429208642105,0.00480788242749333
