"","Material","Freq","Model","elpd_diff","se_diff"
"1","Natural",624,"BLM3",0,0
"2","Natural",624,"BLM1_NE",-18463.6378080843,82.867277306867
"3","Natural",624,"BLM1_E",-1650633.02569549,8950.61735122943
"4","Synthetic",282,"BLM1_NE",0,0
"5","Synthetic",282,"BLM3",-2462.11518554024,66.0808700435984
"6","Synthetic",282,"BLM1_E",-2161313.86007013,53345.8449378303
"7","Full",906,"BLM1_NE",0,0
"8","Full",906,"BLM3",-18338.3791449683,161.288647616919
"9","Full",906,"BLM1_E",-14519833.5828375,124973.853973289
