"","Material","Freq","BLM1_fit","BLM1_fit_NoErrors","BLM3_fit"
"1","Natural",563,-6725.00568207859,-2916.62569494178,-6725.06791195509
"2","Synthetic",269,-2913.84057205894,-1303.29682826853,-2913.52651292129
"3","Full",832,-9636.72712930069,-4208.92849564955,-9636.74931768449
