"","Material","Freq","BLM1_fit","BLM1_fit_NoErrors","BLM3_fit"
"1","Natural",590,-6910.9862849011,-3059.619509166,-6910.95546260661
"2","Synthetic",269,-2913.65880964919,-1303.30219194188,-2913.64963025765
"3","Full",859,-9822.34008815078,-4350.57494876313,-9822.28033658557
