"","Material","Freq","BLM1_fit","BLM1_fit_NoErrors","BLM3_fit"
"1","Natural",563,-6725.25582589367,-2916.61961477491,-6725.16464564681
"2","Synthetic",269,-2913.7716823599,-1303.29876545058,-2913.56430814759
"3","Full",832,-9636.73047521732,-4208.92677616137,-9636.70133094328
