"","Material","Freq","Model","elpd_diff","se_diff"
"1","Natural",668,"BLM1_NE",0,0
"2","Natural",668,"BLM3",-22276.4264590275,110.826372698236
"3","Natural",668,"BLM1_E",-3025935.80466837,15525.1510858344
"4","Synthetic",325,"BLM1_NE",0,0
"5","Synthetic",325,"BLM3",-3116.08121367766,80.274779444046
"6","Synthetic",325,"BLM1_E",-294286.740831816,7271.15706337665
"7","Full",993,"BLM3",0,0
"8","Full",993,"BLM1_NE",-4505.37374489242,33.8379795021093
"9","Full",993,"BLM1_E",-5939778.27991973,53434.4921862615
