"","Material","Freq","Model","elpd_diff","se_diff"
"1","Natural",682,"BLM1_NE",0,0
"2","Natural",682,"BLM3",-12170.9187131999,57.6292994028418
"3","Natural",682,"BLM1_E",-4197518.60650901,21289.1284411896
"4","Synthetic",325,"BLM3",0,0
"5","Synthetic",325,"BLM1_NE",-784.212357319961,20.8338241332991
"6","Synthetic",325,"BLM1_E",-1143587.46524719,28856.1106767859
"7","Full",1007,"BLM1_NE",0,0
"8","Full",1007,"BLM3",-11358.2108837957,102.623821263975
"9","Full",1007,"BLM1_E",-2450089.7065308,22116.4416532362
