"","targetColumns.y","Dataset","model","meanBeta","sdBeta","meanAlpha","sdAlpha"
"17","NaturalSynthetic","Full","BLM1_fit",0.0392183258837552,0.000280357382257134,0.154858925375125,0.00313112733594416
"18","NaturalSynthetic","Full","BLM1_fit_NoErrors",0.0394601098496916,0.000275931611420907,0.151943058712861,0.00309465243787691
"19","NaturalSynthetic","Full","Weighted",0.0393704765364156,0.000320931285662154,0.152932439188655,0.00362146598400077
"20","NaturalSynthetic","Full","York",0.0390765431152419,0.000498551311464745,0.157320210743334,0.00559268857063306
"21","NaturalSynthetic","Full","Deming",0.0425976527191822,0.0015262790822473,0.122219720354966,0.0174519355940418
"22","NaturalSynthetic","Full","LM",0.0394524487450832,0.000356721529273943,0.152016645201238,0.00407862579088726
