"","targetColumns.y","Dataset","model","meanBeta","sdBeta","meanAlpha","sdAlpha"
"17","NaturalSynthetic_","Full","BLM1_fit",0.0405255716530688,0.000486061201955007,0.139942619326268,0.00527553430647228
"18","NaturalSynthetic_","Full","BLM1_fit_NoErrors",0.0397013683454938,0.000245434680587778,0.148890266206116,0.00272580507972359
"19","NaturalSynthetic_","Full","Weighted",0.0396066337354325,0.000278700460279111,0.149865222387974,0.00312904632062236
"20","NaturalSynthetic_","Full","York",0.0392626935535702,0.000502146680307448,0.155810377607016,0.00531806828501331
"21","NaturalSynthetic_","Full","Deming",0.0403900164346242,0.00426542594601636,0.146586423561474,0.0344291167343862
"22","NaturalSynthetic_","Full","LM",0.0396973229821506,0.000316484236204367,0.148900461701901,0.00360136332544304
