"","targetColumns.y","Dataset","model","meanBeta","sdBeta","meanAlpha","sdAlpha"
"17","NaturalSynthetic","Full","BLM1_fit",0.0392012720808714,0.000284261295170409,0.154982486365426,0.00318330611817723
"18","NaturalSynthetic","Full","BLM1_fit_NoErrors",0.0393755154899101,0.000293884815993554,0.152593874762893,0.00329431310831389
"19","NaturalSynthetic","Full","Weighted",0.0392860846147453,0.000319501274946696,0.153576665220345,0.00359363320751861
"20","NaturalSynthetic","Full","York",0.0390214863875023,0.00048000243865869,0.157497300124408,0.00516341927220199
"21","NaturalSynthetic","Full","Deming",0.0416220497411043,0.0022503129474381,0.128255209744847,0.0220914202741033
"22","NaturalSynthetic","Full","LM",0.0393696486171069,0.000365917164711736,0.152684339783597,0.00416555998030957
