"","targetColumns.y","Dataset","model","meanBeta","sdBeta","meanAlpha","sdAlpha"
"17","NaturalSynthetic_","Full","BLM1_fit",0.0399816692544413,0.000563696957556761,0.146215271065,0.00626436590316012
"18","NaturalSynthetic_","Full","BLM1_fit_NoErrors",0.0394093944292984,0.000282497948645537,0.152514258536174,0.0031843743889847
"19","NaturalSynthetic_","Full","Weighted",0.0392733983963617,0.000306853735039231,0.154030322867071,0.00349077118585542
"20","NaturalSynthetic_","Full","York",0.0392510722757371,0.000510162839854689,0.156583558895589,0.00584743542968039
"21","NaturalSynthetic_","Full","Deming",0.0400427026625524,0.00329060799601502,0.149925173417089,0.0293650936815655
"22","NaturalSynthetic_","Full","LM",0.0394183716458664,0.000345689757632794,0.152454339098754,0.00391320757099088
