"","targetColumns.y","Dataset","model","meanBeta","sdBeta","meanAlpha","sdAlpha"
"17","NaturalSynthetic","Full","BLM1_fit",0.0392166487653132,0.000282589929482294,0.154772655284675,0.00314972775019351
"18","NaturalSynthetic","Full","BLM1_fit_NoErrors",0.03938752632355,0.000280192366199821,0.152455619954794,0.00313302637075191
"19","NaturalSynthetic","Full","Weighted",0.0392997289345375,0.00031055319934692,0.153363176421223,0.00348425462634344
"20","NaturalSynthetic","Full","York",0.0390793907401866,0.000483184689709665,0.157358147583921,0.00542803103105501
"21","NaturalSynthetic","Full","Deming",0.0420774590538347,0.00215983893233682,0.125470008866413,0.0204932937462705
"22","NaturalSynthetic","Full","LM",0.0393896243250045,0.000367726972995507,0.152417245337709,0.0041714989348021
