"","targetColumns.y","Dataset","model","meanBeta","sdBeta","meanAlpha","sdAlpha"
"17","NaturalSynthetic_","Full","BLM1_fit",0.0396494118981418,0.000273473073514863,0.150576167866515,0.00305869476034898
"18","NaturalSynthetic_","Full","BLM1_fit_NoErrors",0.0395614925389074,0.000273763603624689,0.151548730128154,0.0030766028448465
"19","NaturalSynthetic_","Full","Weighted",0.0394449142915535,0.000287605538996627,0.152838407581579,0.00328607735536887
"20","NaturalSynthetic_","Full","York",0.0392629062256411,0.000527858175053233,0.156831892990621,0.00589049094556941
"21","NaturalSynthetic_","Full","Deming",0.0400876770299432,0.00347687229642855,0.149510777514813,0.0315788773775757
"22","NaturalSynthetic_","Full","LM",0.0395750911571714,0.000373542850862013,0.151388037905686,0.00427756635012692
