"","targetColumns.y","Dataset","model","meanBeta","sdBeta","meanAlpha","sdAlpha"
"17","NaturalSynthetic_","Full","BLM1_fit",0.0400674652758827,0.000347675594836179,0.145259556873227,0.00383852787757355
"18","NaturalSynthetic_","Full","BLM1_fit_NoErrors",0.0397555699941338,0.000244817961246217,0.148639797144029,0.00274064275609911
"19","NaturalSynthetic_","Full","Weighted",0.0397014730044348,0.000277789497604825,0.149266933864559,0.00310000802071806
"20","NaturalSynthetic_","Full","York",0.0393115827916548,0.000571826174479236,0.155614398477615,0.00619834895637554
"21","NaturalSynthetic_","Full","Deming",0.0395941576578068,0.00174538826571988,0.153545482001891,0.0157988895114764
"22","NaturalSynthetic_","Full","LM",0.0397521356456367,0.000282034634014733,0.148525239037278,0.00324195259916395
