"","Material","Freq","BLM1_fit","BLM1_fit_NoErrors","BLM3_fit"
"1","Foraminifera",247,-2149.19077583831,-1308.92024791393,-2149.17343820443
"2","NonForaminifera",606,-6115.82024720964,-2961.6543894371,-6115.77102437034
"3","Full",853,-8266.39391986362,-4232.8227294119,-8265.85550183657
