"","Material","Freq","BLM1_fit","BLM1_fit_NoErrors","BLM3_fit"
"1","Foraminifera",210,-3341.11244806015,-1155.7485156413,-3340.92011867075
"2","NonForaminifera",622,-6300.29538960856,-3091.41528144168,-6300.27779591972
"3","Full",832,-9636.64776932245,-4208.90934886636,-9636.47003004152
