"","Material","Freq","Model","elpd_diff","se_diff"
"1","Foraminifera",232,"BLM3",0,0
"2","Foraminifera",232,"BLM1_NE",-5224.28243082387,34.8780738347504
"3","Foraminifera",232,"BLM1_E",-147585.271675048,882.237505456533
"4","NonForaminifera",622,"BLM1_NE",0,0
"5","NonForaminifera",622,"BLM3",-7773.65568455184,86.3195277164129
"6","NonForaminifera",622,"BLM1_E",-18596.4150558101,217.661512561977
"7","Full",854,"BLM3",0,0
"8","Full",854,"BLM1_NE",-5730.12333625985,50.0954348554161
"9","Full",854,"BLM1_E",-37321.8545151889,325.197456015903
