"","Material","Freq","Model","elpd_diff","se_diff"
"1","Foraminifera",260,"BLM1_NE",0,0
"2","Foraminifera",260,"BLM3",-11262.0431793897,66.1099092188647
"3","Foraminifera",260,"BLM1_E",-1052693.39231123,6201.42268963556
"4","NonForaminifera",646,"BLM1_NE",0,0
"5","NonForaminifera",646,"BLM3",-2139.708848562,23.7334300174233
"6","NonForaminifera",646,"BLM1_E",-3592691.58214783,42787.7575212754
"7","Full",906,"BLM3",0,0
"8","Full",906,"BLM1_NE",-5353.68098100805,55.8173742007598
"9","Full",906,"BLM1_E",-4175453.20975291,36050.6627209071
