"","Material","Freq","Model","elpd_diff","se_diff"
"1","Foraminifera",274,"BLM1_NE",-350.923089446039,2.13451340816066
"2","Foraminifera",274,"BLM1_E",-1878631.06643132,11032.5361303594
"3","Foraminifera",274,"BLM3",0,0
"4","NonForaminifera",733,"BLM1_E",-852641.317881678,10175.8099304459
"5","NonForaminifera",733,"BLM3",0,0
"6","NonForaminifera",733,"BLM1_NE",-2225.13167563513,28.7622900113036
"7","Full",1007,"BLM3",0,0
"8","Full",1007,"BLM1_NE",-11702.8332327983,88.211786309329
"9","Full",1007,"BLM1_E",-74478804.2011985,661801.647194717
