"","targetColumns.y","Dataset","model","meanBeta","sdBeta","meanAlpha","sdAlpha"
"17","Forams","Full","BLM1_fit",0.0400681488692083,0.000391118712707213,0.144889989145319,0.00427986212723852
"18","Forams","Full","BLM1_fit_NoErrors",0.0396919051005793,0.000238241285936166,0.148978927870803,0.00265353667681372
"19","Forams","Full","Weighted",0.0396252873619904,0.00026467112789638,0.149678585057188,0.00305583352275441
"20","Forams","Full","York",0.0393316037907178,0.000563687558702154,0.154933546378963,0.00618644087980102
"21","Forams","Full","Deming",0.0400709580811028,0.00329972636740229,0.148591931419339,0.0305594660668768
"22","Forams","Full","LM",0.0396893892336204,0.000298015172896284,0.149051813400784,0.00344019620564009
