"","targetColumns.y","Dataset","model","meanBeta","sdBeta","meanAlpha","sdAlpha"
"17","Forams","Full","BLM1_fit",0.0402469660108893,0.000486230574234862,0.143275666934497,0.00540306652462142
"18","Forams","Full","BLM1_fit_NoErrors",0.0393909248281666,0.000273617825853525,0.152713746369243,0.00308031526614464
"19","Forams","Full","Weighted",0.0392841966202324,0.000269380453238077,0.153995378154695,0.00303610718119365
"20","Forams","Full","York",0.0391471458279272,0.000467660112720067,0.157714879116909,0.00527553036153353
"21","Forams","Full","Deming",0.0397950507366864,0.0019543093408697,0.151950113741544,0.0184622666915242
"22","Forams","Full","LM",0.0394506766920055,0.000281070763346515,0.152082118986567,0.00317504212872408
