"","targetColumns.y","Dataset","model","meanBeta","sdBeta","meanAlpha","sdAlpha"
"17","Forams","Full","BLM1_fit",0.0392197476290656,0.000280152678700038,0.154751002733629,0.00315014079086557
"18","Forams","Full","BLM1_fit_NoErrors",0.0393905082875033,0.000281573579634905,0.152423671026627,0.00315539825506112
"19","Forams","Full","Weighted",0.0393168585870093,0.000292838545387959,0.153230161581388,0.00324239015199553
"20","Forams","Full","York",0.0390665634672116,0.000485454201421088,0.157479675981176,0.00542471655020866
"21","Forams","Full","Deming",0.0420098159896969,0.00223867126658012,0.126125107860159,0.0211334317110436
"22","Forams","Full","LM",0.0393975277256932,0.000359473802879979,0.152297902052873,0.00411127437539565
