"","targetColumns.y","Dataset","model","meanBeta","sdBeta","meanAlpha","sdAlpha"
"17","Forams","Full","BLM1_fit",0.039220049097497,0.000279244736317658,0.154844822030124,0.00313940625738171
"18","Forams","Full","BLM1_fit_NoErrors",0.0394475988885272,0.000281553884755309,0.152091870634059,0.00315734033250841
"19","Forams","Full","Weighted",0.0393729956376307,0.000315587266382252,0.152922082621681,0.00359670877743238
"20","Forams","Full","York",0.0391000462304148,0.00051097413664024,0.157150158110845,0.00579145603597595
"21","Forams","Full","Deming",0.0426386679283047,0.00152494785998102,0.121917383612272,0.0171875889937037
"22","Forams","Full","LM",0.0394568027735255,0.000358041212477642,0.152020271878137,0.00407784523194345
