"","targetColumns.y","Dataset","model","meanBeta","sdBeta","meanAlpha","sdAlpha"
"17","Forams","Full","BLM1_fit",0.0396500636393455,0.00027890417164554,0.150588059495538,0.00310475132030309
"18","Forams","Full","BLM1_fit_NoErrors",0.0395668748665551,0.000273178823327539,0.151473244539267,0.00308063340963655
"19","Forams","Full","Weighted",0.0394560609425528,0.000305478828377157,0.152733773752165,0.00346069824665296
"20","Forams","Full","York",0.0392661728549228,0.00049305261335436,0.156725104312991,0.0054027990455785
"21","Forams","Full","Deming",0.0401220849370097,0.00341549820033103,0.149388294390885,0.0301407039105702
"22","Forams","Full","LM",0.0395646845658746,0.000349491876816493,0.151506773129363,0.00400265458079662
