"","targetColumns.y","Dataset","model","meanBeta","sdBeta","meanAlpha","sdAlpha"
"17","Forams","Full","BLM1_fit",0.0392165435117729,0.000284298607626327,0.15482781229483,0.00319510117936397
"18","Forams","Full","BLM1_fit_NoErrors",0.0393750171554222,0.000288460752611461,0.152595962442655,0.00323363663931891
"19","Forams","Full","Weighted",0.0392878755096648,0.000310478205830012,0.153579895164628,0.00348978386189412
"20","Forams","Full","York",0.0390611512204624,0.000520111207990005,0.157074040989723,0.0058283158147753
"21","Forams","Full","Deming",0.041548861045636,0.00212654285687219,0.129057032342907,0.0204984695447424
"22","Forams","Full","LM",0.0393882576899753,0.000361571425326617,0.152441163013091,0.00410416337850637
