"","targetColumns.y","Dataset","model","meanBeta","sdBeta","meanAlpha","sdAlpha"
"17","Forams","Full","BLM1_fit",0.0407840411319443,0.000596926583982331,0.137459485565725,0.00650464890124455
"18","Forams","Full","BLM1_fit_NoErrors",0.0397504179010117,0.000248107005324562,0.148716604571533,0.002786688687142
"19","Forams","Full","Weighted",0.0397032065162102,0.000293570684977255,0.14926581230247,0.00322905435086966
"20","Forams","Full","York",0.0393242775115252,0.000525880242147456,0.155771485717777,0.00596304178108518
"21","Forams","Full","Deming",0.040206529238185,0.00331544771720207,0.147336940802128,0.0306820312970076
"22","Forams","Full","LM",0.0397594319290944,0.000344160079238282,0.148543128327411,0.00392507284030616
