"","Material","Freq","BLM1_fit","BLM1_fit_NoErrors","BLM3_fit"
"1","Large",512,-5445.14233267295,-2588.65080364007,-5445.00811316944
"2","Small",308,-4027.25749068346,-1595.98371566668,-4027.14922481885
"3","Full",820,-9474.6936734389,-4142.38250339258,-9477.54805873138
