"","Material","Freq","Model","elpd_diff","se_diff"
"1","Large",521,"BLM1_NE",-8412.03585908792,95.4216234541494
"2","Large",521,"BLM1_E",-1700090.66816686,17543.8279739145
"3","Large",521,"BLM3",0,0
"4","Small",373,"BLM1_E",-1048814.3655507,14821.1402727638
"5","Small",373,"BLM3",0,0
"6","Small",373,"BLM1_NE",-2347.43679048371,34.605982963532
"7","Full",894,"BLM1_NE",0,0
"8","Full",894,"BLM3",-3331.30921850888,45.6624573368311
"9","Full",894,"BLM1_E",-3172485.70849335,26519.7064853809
