"","Material","Freq","Model","elpd_diff","se_diff"
"1","Large",511,"BLM1_NE",-2718.97097818146,23.0318342422552
"2","Large",511,"BLM1_E",-16441.9337295513,157.8432056964
"3","Large",511,"BLM3",0,0
"4","Small",331,"BLM1_E",-24319.4004347239,367.026276829815
"5","Small",331,"BLM3",0,0
"6","Small",331,"BLM1_NE",-8355.67944169227,123.598651772668
"7","Full",2526,"BLM1_NE",0,0
"8","Full",2526,"BLM1_E",-34599.6796235793,306.855558667339
"9","Full",2526,"BLM3",-37121.2411541468,305.547285928598
