"","targetColumns.y","Dataset","model","meanBeta","sdBeta","meanAlpha","sdAlpha"
"17","LARGEorSMALL","Full","BLM1_fit",0.0394563369537628,0.000296522358644773,0.152067515880969,0.00333568512891935
"18","LARGEorSMALL","Full","BLM1_fit_NoErrors",0.0396005162677704,0.000303779117226625,0.150011701512683,0.00342435845258401
"19","LARGEorSMALL","Full","Weighted",0.0394307574514886,0.000326638184726539,0.151868005641037,0.00367705547717208
"20","LARGEorSMALL","Full","York",0.0402399218284201,0.000682636339150132,0.144105253630575,0.00831196417987628
"21","LARGEorSMALL","Full","Deming",0.04202070150473,0.00214185212608623,0.126310378446728,0.019973836349162
"22","LARGEorSMALL","Full","LM",0.039593343894655,0.000399540964070183,0.150070025456502,0.00455713679195786
