"","targetColumns.y","Dataset","model","meanBeta","sdBeta","meanAlpha","sdAlpha"
"17","LARGEorSMALL","Full","BLM1_fit",0.0398731050313607,0.000295187669783483,0.148043771844789,0.00331678787233796
"18","LARGEorSMALL","Full","BLM1_fit_NoErrors",0.0397642877028325,0.000297101526308789,0.149213838451699,0.00335738935434485
"19","LARGEorSMALL","Full","Weighted",0.039591565292216,0.000326439191628365,0.151172693404459,0.0037039790392922
"20","LARGEorSMALL","Full","York",0.0405919553788524,0.000653115619172672,0.141849877767848,0.00799193747294227
"21","LARGEorSMALL","Full","Deming",0.0415649147655081,0.00400505708716579,0.131567283792314,0.0426843969170627
"22","LARGEorSMALL","Full","LM",0.0397544620231576,0.000400243100794764,0.149354154564321,0.00454405244472675
