"","targetColumns.y","Dataset","model","meanBeta","sdBeta","meanAlpha","sdAlpha"
"25","LARGEorSMALL","Full","BLM1_fit",0.0404704433202386,0.000433213021151215,0.140868216408981,0.00476070648623511
"26","LARGEorSMALL","Full","BLM1_fit_NoErrors",0.0397550985709159,0.000242486788162646,0.148642512402374,0.00270526734058478
"27","LARGEorSMALL","Full","LM",0.0398110719445703,0.000283423494909113,0.148102288644668,0.00320505583503909
"28","LARGEorSMALL","Full","Weighted",0.0397457526434142,0.000295265375224843,0.148761545135699,0.00336632791624479
"29","LARGEorSMALL","Full","York",0.0393720156017211,0.0005275073712792,0.154878720350599,0.00587786887829905
"30","LARGEorSMALL","Full","Deming",0.0402080483252214,0.00302694969470069,0.147407782260509,0.0274428469711452
