"","targetColumns.y","Dataset","model","meanBeta","sdBeta","meanAlpha","sdAlpha"
"17","CDESorICDES","Full","BLM1_fit",0.0392156931588687,0.0002882822850458,0.154802135016536,0.00322865920829599
"18","CDESorICDES","Full","BLM1_fit_NoErrors",0.0393935708032859,0.000280336172382725,0.15237811880251,0.0031331018034967
"19","CDESorICDES","Full","Weighted",0.0392940376738895,0.000315539104004814,0.153509117288664,0.00353525998395969
"20","CDESorICDES","Full","York",0.0391051347108382,0.000470487152476374,0.157014557135506,0.00528316867096241
"21","CDESorICDES","Full","Deming",0.0421931575490424,0.00225959040839683,0.124416832216456,0.0219065994340344
"22","CDESorICDES","Full","LM",0.0394220163449097,0.000355878296229057,0.152040350571148,0.00399110632784835
