"","targetColumns.y","Dataset","model","meanBeta","sdBeta","meanAlpha","sdAlpha"
"17","LARGEorSMALL","Full","BLM1_fit",0.0404194027941476,0.000529901836074161,0.141226622019808,0.00593783289331518
"18","LARGEorSMALL","Full","BLM1_fit_NoErrors",0.0395841175566858,0.000289625803618502,0.15051071035136,0.00328185567076862
"19","LARGEorSMALL","Full","Weighted",0.0393637869378358,0.000312421030074231,0.152980209994326,0.00362447251336741
"20","LARGEorSMALL","Full","York",0.0404008695172387,0.000633981027015616,0.143419678780049,0.00792898260797695
"21","LARGEorSMALL","Full","Deming",0.0423109506269931,0.00547874592883264,0.123290055198233,0.058771727728771
"22","LARGEorSMALL","Full","LM",0.0396138585057837,0.000391583342173576,0.150236941525516,0.00453844642144081
