"","targetColumns.y","Dataset","model","meanBeta","sdBeta","meanAlpha","sdAlpha"
"17","LARGEorSMALL","Full","BLM1_fit",0.0394783200406531,0.000311186139339149,0.151911812125991,0.00352047085266435
"18","LARGEorSMALL","Full","BLM1_fit_NoErrors",0.0396561078482895,0.000301053850245164,0.14970688808966,0.00339636239661086
"19","LARGEorSMALL","Full","Weighted",0.0395321926173867,0.000327896271737986,0.151096748209164,0.00369636534122904
"20","LARGEorSMALL","Full","York",0.0402370221748337,0.000707567914779046,0.144259846984134,0.00863281501217324
"21","LARGEorSMALL","Full","Deming",0.0427063541197078,0.00143756833795616,0.121056941966473,0.0166239616296245
"22","LARGEorSMALL","Full","LM",0.0396580747328729,0.000417395558279516,0.149685448428207,0.00476050293367128
