"","Material","Freq","Model","elpd_diff","se_diff"
"1","Benthic",95,"BLM1_NE",-3048.01065596488,16.989193948291
"2","Benthic",95,"BLM1_E",-670622.904951844,4609.31841551878
"3","Benthic",95,"BLM3",0,0
"4","Planktic",178,"BLM1_E",-753788.858707537,4738.84159097223
"5","Planktic",178,"BLM1_NE",0,0
"6","Planktic",178,"BLM3",-5763.35948308721,32.7787691066849
"7","Full",273,"BLM1_NE",0,0
"8","Full",273,"BLM3",-25143.9821683602,147.156761936792
"9","Full",273,"BLM1_E",-823932.801543341,4847.85767542762
