"","Material","Freq","BLM1_fit","BLM1_fit_NoErrors","BLM3_fit"
"1","benthic",49,-374.616527356732,-269.159027423756,-374.74450556229
"2","planktic",185,-3100.08660579884,-1010.06141338626,-3100.02503337135
"3","Full",234,-3475.98660809016,-1269.62073812004,-3477.0850894373
