"","Material","Freq","BLM1_fit","BLM1_fit_NoErrors","BLM3_fit"
"1","Benthic",22,-189.064690575382,-128.296440251374,-189.085341857702
"2","Planktic",185,-3100.06351637188,-1010.03776867118,-3099.968828181
"3","Full",207,-3291.32250017397,-1139.29132269977,-3291.00038082475
