"","Material","Freq","Model","elpd_diff","se_diff"
"1","Benthic",67,"BLM1_NE",-10252.3575403659,77.7796379537806
"2","Benthic",67,"BLM1_E",-265580.121197212,2077.08733114132
"3","Benthic",67,"BLM3",0,0
"4","Planktic",193,"BLM1_E",-1123096.51964419,6766.60911473305
"5","Planktic",193,"BLM3",0,0
"6","Planktic",193,"BLM1_NE",-569.727826566839,9.81595948612949
"7","Full",260,"BLM1_NE",0,0
"8","Full",260,"BLM3",-19319.7783475924,113.600213025313
"9","Full",260,"BLM1_E",-1448706.04376602,8529.44226848852
