"","Material","Freq","Model","elpd_diff","se_diff"
"1","Benthic",36,"BLM3",-16875.0960381874,116.968956274662
"2","Benthic",36,"BLM1_E",-42893.6551142426,408.962958659069
"3","Benthic",36,"BLM1_NE",0,0
"4","Planktic",193,"BLM1_E",-152649.462842197,912.702977456144
"5","Planktic",193,"BLM1_NE",0,0
"6","Planktic",193,"BLM3",-7068.37883165201,43.2223983308035
"7","Full",687,"BLM1_NE",0,0
"8","Full",687,"BLM3",-4814.30004146461,26.4104258728192
"9","Full",687,"BLM1_E",-161670.185183624,977.520701846489
