"","targetColumns.y","Dataset","model","meanBeta","sdBeta","meanAlpha","sdAlpha"
"17","BenthicPlanktic","Full","BLM1_fit",0.0399919544903194,0.00185517923873621,0.140624320935406,0.0220100168892595
"18","BenthicPlanktic","Full","BLM1_fit_NoErrors",0.039740406327563,0.00187370888796397,0.143041372731414,0.0222210137982284
"19","BenthicPlanktic","Full","Weighted",0.0401143098706943,0.00166810523822199,0.138610205083822,0.0199861350219269
"20","BenthicPlanktic","Full","York",0.0436873338965322,0.00270123516513497,0.0962302474745915,0.031582481839066
"21","BenthicPlanktic","Full","Deming",0.0421780343176089,0.00672641846937623,0.112865088527772,0.0788703349053764
"22","BenthicPlanktic","Full","LM",0.0397505274680206,0.00167602300179646,0.143014838530412,0.0200183496705088
