"","targetColumns.y","Dataset","model","meanBeta","sdBeta","meanAlpha","sdAlpha"
"17","BenthicPlanktic","Full","BLM1_fit",0.0406426823507199,0.001995612887415,0.133265306570276,0.0237050366326453
"18","BenthicPlanktic","Full","BLM1_fit_NoErrors",0.0409569334199707,0.00173508478306331,0.130340705234153,0.0206686101976447
"19","BenthicPlanktic","Full","Weighted",0.0408849113163878,0.00166115178857176,0.131185396082732,0.0198986209926985
"20","BenthicPlanktic","Full","York",0.0436170834094867,0.00265586542238855,0.0970853131718288,0.0310004515117191
"21","BenthicPlanktic","Full","Deming",0.0362986697300377,0.0057994834641068,0.203809729877726,0.0702010703021458
"22","BenthicPlanktic","Full","LM",0.0409585877953414,0.00164052673217468,0.130295615525066,0.0196789986616337
