"","targetColumns.y","Dataset","model","meanBeta","sdBeta","meanAlpha","sdAlpha"
"17","BenthicPlanktic","Full","BLM1_fit",0.0413802895496165,0.00323187529040372,0.126431869122854,0.0388913240160793
"18","BenthicPlanktic","Full","BLM1_fit_NoErrors",0.0364747746824151,0.00128243664068578,0.185474217441554,0.0154485807361256
"19","BenthicPlanktic","Full","Weighted",0.0365905339074922,0.00118372226887533,0.184156355950159,0.0143094038000006
"20","BenthicPlanktic","Full","York",0.0405558474676984,0.00190136629663963,0.137569105751264,0.0225814535681566
"21","BenthicPlanktic","Full","Deming",0.0403928265495126,0.00159631606626457,0.139472947564795,0.0188064919877056
"22","BenthicPlanktic","Full","LM",0.0365324377489374,0.00122600613276757,0.184742764912843,0.0148542705754226
