"","targetColumns.y","Dataset","model","meanBeta","sdBeta","meanAlpha","sdAlpha"
"17","BenthicPlanktic","Full","BLM1_fit",0.0421176369986719,0.00404560048104018,0.118922527766751,0.0487258835994221
"18","BenthicPlanktic","Full","BLM1_fit_NoErrors",0.0362900887582016,0.00150719122217891,0.189189715932736,0.0182261253424893
"19","BenthicPlanktic","Full","Weighted",0.0363722485882216,0.00110345994864628,0.188105610058191,0.0134288967813871
"20","BenthicPlanktic","Full","York",0.0405543250228621,0.00173260163551062,0.139246716479196,0.0206145182289759
"21","BenthicPlanktic","Full","Deming",0.0400870347183049,0.00183614722760904,0.144768923423254,0.0218223485724216
"22","BenthicPlanktic","Full","LM",0.0362537480037407,0.00142697741055611,0.18963575958078,0.0173666218204504
