"","targetColumns.y","Dataset","model","meanBeta","sdBeta","meanAlpha","sdAlpha"
"17","BenthicPlanktic","Full","BLM1_fit",0.0398622803228872,0.00357820342169862,0.144739517400855,0.0429918200583966
"18","BenthicPlanktic","Full","BLM1_fit_NoErrors",0.0365510125148585,0.00132551128058584,0.184528547517112,0.0160029981687691
"19","BenthicPlanktic","Full","Weighted",0.0364887302002746,0.00118267052753221,0.185272281129995,0.0143614167444021
"20","BenthicPlanktic","Full","York",0.0407170142912295,0.00182296252678227,0.135639426825592,0.021596599131639
"21","BenthicPlanktic","Full","Deming",0.0402534080690923,0.00173865276510686,0.141435424076483,0.0205885059965712
"22","BenthicPlanktic","Full","LM",0.03646464865963,0.00131277352110132,0.185639882593735,0.0158119626252744
