"","targetColumns.y","Dataset","model","meanBeta","sdBeta","meanAlpha","sdAlpha"
"17","BenthicPlanktic","Full","BLM1_fit",0.0396985344707223,0.00179149012533934,0.144068825574841,0.021262472994152
"18","BenthicPlanktic","Full","BLM1_fit_NoErrors",0.0397271655851153,0.00185380412953238,0.143236189388192,0.021965692219818
"19","BenthicPlanktic","Full","Weighted",0.0401088410312012,0.00168102710467129,0.138719704207119,0.0201292409071279
"20","BenthicPlanktic","Full","York",0.0434430353305019,0.00281310502280589,0.0991811101931411,0.0328671997452089
"21","BenthicPlanktic","Full","Deming",0.0426238450880409,0.00679379588878315,0.107777921785263,0.0796133979379022
"22","BenthicPlanktic","Full","LM",0.039642948165843,0.00166630536893955,0.14415501017142,0.0199411714424547
