"","targetColumns.y","Dataset","model","meanBeta","sdBeta","meanAlpha","sdAlpha"
"17","BenthicPlanktic","Full","BLM1_fit",0.0434335007828761,0.00168878626165882,0.103573796488446,0.0200950766571735
"18","BenthicPlanktic","Full","BLM1_fit_NoErrors",0.0401828034158418,0.00157109275672551,0.142212545385221,0.0186961625085847
"19","BenthicPlanktic","Full","Weighted",0.0402151219477465,0.00126184825515546,0.141863258666201,0.0151254554970689
"20","BenthicPlanktic","Full","York",0.047038796539686,0.00198367601891852,0.0621789060605621,0.0235034508657524
"21","BenthicPlanktic","Full","Deming",0.046970706202884,0.00191368677138301,0.0629807157024756,0.0225858239568425
"22","BenthicPlanktic","Full","LM",0.0403081555858583,0.0013359002978494,0.140728013050021,0.0160167987536903
