"","Material","Freq","BLM1_fit","BLM1_fit_NoErrors","BLM3_fit"
"1","NonCorals",832,-9636.88974016214,-4208.9221426872,-9636.73183384899
"2","Full",832,-9636.53148912866,-4208.92774402055,-9636.68935525627
