"","Material","Freq","Model","elpd_diff","se_diff"
"1","NonCorals",854,"BLM3",0,0
"2","NonCorals",854,"BLM1_NE",-13534.1737797907,109.025442960613
"3","NonCorals",854,"BLM1_E",-36131.2014865175,315.632949415506
"4","Full",854,"BLM1_NE",0,0
"5","Full",854,"BLM3",-10209.8697756462,81.8538203051125
"6","Full",854,"BLM1_E",-32244.5839061034,288.468401728339
