"","Material","Freq","Model","elpd_diff","se_diff"
"1","NonCorals",993,"BLM1_NE",0,0
"2","NonCorals",993,"BLM3",-5887.24948321657,77.5538681468766
"3","NonCorals",993,"BLM1_E",-3238715.7360258,29499.0855084073
"4","Full",993,"BLM1_NE",0,0
"5","Full",993,"BLM3",-2494.30065099898,24.4183707130296
"6","Full",993,"BLM1_E",-6157748.20904464,55657.1122025785
