"","Material","Freq","Model","elpd_diff","se_diff"
"1","NonCorals",1007,"BLM3",0,0
"2","NonCorals",1007,"BLM1_NE",-20174.162049147,189.281189596799
"3","NonCorals",1007,"BLM1_E",-3805831.43425633,34084.9462638324
"4","Full",1007,"BLM3",0,0
"5","Full",1007,"BLM1_NE",-12609.9024721767,108.93163744707
"6","Full",1007,"BLM1_E",-3171473.17937682,28319.0384382243
