"","targetColumns.y","Dataset","model","meanBeta","sdBeta","meanAlpha","sdAlpha"
"8","Corals","Full","BLM1_fit",0.0392046655359076,0.000281250908012015,0.154935169450765,0.00313704813341682
"9","Corals","Full","BLM1_fit_NoErrors",0.039401235279716,0.000274534000023088,0.152274932358085,0.00305542977084783
"10","Corals","Full","BLM3",0.0392133474667056,0.000269335123473467,0.154835805113519,0.003036690805893
"11","Corals","Full","Deming",0.0420227604952311,0.0022638626893999,0.126296253525311,0.0212435342800291
"12","Corals","Full","LM",0.0394115006816966,0.000375814946231502,0.152157938450772,0.00424908009132659
"13","Corals","Full","Weighted",0.0392854574904082,0.000312681343997292,0.153550376192243,0.00355162743048594
"14","Corals","Full","York",0.039081522784571,0.000482308556859811,0.157331468649032,0.00529212932692484
