"","targetColumns.y","Dataset","model","meanBeta","sdBeta","meanAlpha","sdAlpha"
"8","Corals","Full","BLM1_fit",0.0401264919477407,0.000444694664222418,0.144612135149712,0.00496684525474319
"9","Corals","Full","BLM1_fit_NoErrors",0.0393952457512628,0.000279045644241104,0.152659674157724,0.00314748460090698
"10","Corals","Full","BLM3",0.0393978082777549,0.000269935248109855,0.152651465532559,0.00306061858434728
"11","Corals","Full","Deming",0.0401309777134671,0.00371649557522168,0.149456414092211,0.0311244258863213
"12","Corals","Full","LM",0.0393833991652734,0.000345121530098948,0.152927742370903,0.0039758547189286
"13","Corals","Full","Weighted",0.0392412428165925,0.000262505038072665,0.154427154675745,0.00296010080760644
"14","Corals","Full","York",0.0392933569904651,0.000475293419725764,0.156213505136943,0.00548994212876397
