"","targetColumns.y","Dataset","model","meanBeta","sdBeta","meanAlpha","sdAlpha"
"8","Corals","Full","BLM1_fit",0.0392004416733591,0.000272676771397509,0.154989030751179,0.00304425079390718
"9","Corals","Full","BLM1_fit_NoErrors",0.0393907335719237,0.000279209981366481,0.152398130194989,0.00312574796876536
"10","Corals","Full","BLM3",0.0392074737484471,0.000275517961783182,0.154912239946449,0.00307618511855272
"11","Corals","Full","Deming",0.0419709629313732,0.00217268225407852,0.126465681837547,0.0202051887577029
"12","Corals","Full","LM",0.0393863762372335,0.000358033961918652,0.152455328660466,0.00408422600928457
"13","Corals","Full","Weighted",0.0393070749847257,0.000286136046649428,0.153325708345104,0.00323907168909682
"14","Corals","Full","York",0.0390706117872975,0.00049121527134741,0.157489458125058,0.00558375079987707
