"","targetColumns.y","Dataset","model","meanBeta","sdBeta","meanAlpha","sdAlpha"
"8","Corals","Full","BLM1_fit",0.0405825562920613,0.000418031959937004,0.139318355496217,0.00456524844111712
"9","Corals","Full","BLM1_fit_NoErrors",0.0396983370967944,0.000248725999132102,0.148917117439586,0.0027740895912432
"10","Corals","Full","BLM3",0.0397027902835045,0.000240209276224561,0.148862407803588,0.00265650505135421
"11","Corals","Full","Deming",0.0398602927485047,0.00251237846294803,0.150897732036925,0.0228211499352133
"12","Corals","Full","LM",0.0396712864869131,0.000282198413332114,0.149277633045259,0.00323446795544958
"13","Corals","Full","Weighted",0.0395438979243223,0.000238383203744182,0.150635563640473,0.00269260035208417
"14","Corals","Full","York",0.0393497757043466,0.000477194229907169,0.155500924351491,0.0055472356225126
