"","targetColumns.y","Dataset","model","meanBeta","sdBeta","meanAlpha","sdAlpha"
"8","Corals","Full","BLM1_fit",0.0396495155455922,0.000281118282502302,0.15059318036627,0.00316292818984417
"9","Corals","Full","BLM1_fit_NoErrors",0.0395695596119674,0.000263621806307571,0.151450792094003,0.00295009468556804
"10","Corals","Full","BLM3",0.0395771623673702,0.000263358808554277,0.151355627568084,0.00296450411971969
"11","Corals","Full","Deming",0.0399565756932115,0.00303482529734376,0.150902207965295,0.0266576646081008
"12","Corals","Full","LM",0.0395523561029703,0.000353063665692207,0.15167065413822,0.00402265039540003
"13","Corals","Full","Weighted",0.03947067917516,0.000296049226788196,0.152576807695592,0.00336082043918306
"14","Corals","Full","York",0.0392722113024162,0.000526254509479523,0.156658033145024,0.00594354304058704
