"","Material","Freq","Dataset","model","meanBeta","sdBeta","meanAlpha","sdAlpha"
"1","NonCorals",854,"subsets","BLM1_fit",0.0396502137672971,0.000271170434727316,0.150565698791058,0.00306170134982481
"2","NonCorals",854,"subsets","BLM1_fit_NoErrors",0.0395579759661024,0.000273098658765633,0.151594282418711,0.00306393044385001
"3","NonCorals",854,"subsets","BLM3",0.0395652792988695,0.000263855531429808,0.151499475163782,0.00294359821368538
"4","NonCorals",854,"subsets","Deming",0.0398723106221093,0.00298269468097343,0.151260878512546,0.0283959091062895
"5","NonCorals",854,"subsets","LM",0.0395592194508283,0.000354348095264167,0.151579828821297,0.00404044592776113
"6","NonCorals",854,"subsets","Weighted",0.0394546609723275,0.000307425855189055,0.1527321777894,0.00348962655318261
"7","NonCorals",854,"subsets","York",0.0392710940522932,0.000512849258163726,0.156640508559818,0.0057683574433605
