"","Material","Freq","Dataset","model","meanBeta","sdBeta","meanAlpha","sdAlpha"
"1","NonCorals",906,"subsets","BLM1_fit",0.0401174580161647,0.000560231199650906,0.14471543400656,0.0062114129621536
"2","NonCorals",906,"subsets","BLM1_fit_NoErrors",0.0394020906853234,0.000268472523875662,0.15258277283654,0.00304906808724021
"3","NonCorals",906,"subsets","BLM3",0.0394008265684999,0.000272754714765589,0.152614349547581,0.00306206621518615
"4","NonCorals",906,"subsets","Deming",0.0394353970790387,0.00129517853347299,0.155029848994111,0.0120118876135678
"5","NonCorals",906,"subsets","LM",0.0394228690206043,0.00032045330275094,0.152325660981456,0.00372549360770811
"6","NonCorals",906,"subsets","Weighted",0.0392869933487824,0.000283512944238361,0.154028098394808,0.00330695126622053
"7","NonCorals",906,"subsets","York",0.0391996325878077,0.000554081291384396,0.156978815341902,0.00602238660143145
