"","Material","Freq","Dataset","model","meanBeta","sdBeta","meanAlpha","sdAlpha"
"1","NonCorals",832,"subsets","BLM1_fit",0.0392048088348703,0.000276084078463636,0.154930522129941,0.00306913353388963
"2","NonCorals",832,"subsets","BLM1_fit_NoErrors",0.0393863363040987,0.000285197978307624,0.152455252476057,0.00316282340030408
"3","NonCorals",832,"subsets","BLM3",0.0392058124917134,0.000279511864553135,0.154928646434653,0.00312969795705689
"4","NonCorals",832,"subsets","Deming",0.0395222852476467,0.000709146981274742,0.143273719885236,0.00784611497207358
"5","NonCorals",832,"subsets","LM",0.0392702584354794,0.000456307472373915,0.154806844866487,0.0034570596100324
"6","NonCorals",832,"subsets","Weighted",0.0394196203564939,0.000541482413033491,0.152166415450591,0.00561166714339565
"7","NonCorals",832,"subsets","York",0.038890171931045,0.000271857676097294,0.159999953924781,0.00178344475961747
