"","Material","Freq","Dataset","model","meanBeta","sdBeta","meanAlpha","sdAlpha"
"1","NonCorals",1007,"subsets","BLM1_fit",0.040185594182602,0.000404959997979337,0.143963326607564,0.00444971188203267
"2","NonCorals",1007,"subsets","BLM1_fit_NoErrors",0.0397468598349068,0.000242884822748644,0.148736557214834,0.00269122988449151
"3","NonCorals",1007,"subsets","BLM3",0.0397522792004636,0.000256176455624686,0.148666499289969,0.00286928665222281
"4","NonCorals",1007,"subsets","Deming",0.0403111197777462,0.00428077265742832,0.146380811576968,0.0409923415346301
"5","NonCorals",1007,"subsets","LM",0.039710219799424,0.000245700631090638,0.149136769576893,0.00280304829643957
"6","NonCorals",1007,"subsets","Weighted",0.0397082423370744,0.000281827501198639,0.149114648464911,0.00313984563974967
"7","NonCorals",1007,"subsets","York",0.0392282914907503,0.000463320462296532,0.156666143153171,0.00515093092480077
