"","Material","Freq","Dataset","model","meanBeta","sdBeta","meanAlpha","sdAlpha"
"1","NonCorals",993,"subsets","BLM1_fit",0.0404602322071506,0.000425997813995207,0.140619966224005,0.00467953753745855
"2","NonCorals",993,"subsets","BLM1_fit_NoErrors",0.0397118823286332,0.000239866946902054,0.148766087308311,0.00266700783003269
"3","NonCorals",993,"subsets","BLM3",0.03971335089923,0.000244236927108297,0.148755091065076,0.00272833180407425
"4","NonCorals",993,"subsets","Deming",0.0405613727465966,0.00474967919829628,0.144560155921082,0.0423322656949383
"5","NonCorals",993,"subsets","LM",0.0397547253849292,0.000277590881852931,0.148204371148749,0.00328657295293058
"6","NonCorals",993,"subsets","Weighted",0.039585726283952,0.000267627654991639,0.150110225898875,0.00308385422196614
"7","NonCorals",993,"subsets","York",0.0391805752268311,0.000450966518149134,0.156709449063882,0.00461927521085308
