"","Material","Freq","BLM1_fit","BLM1_fit_NoErrors","BLM3_fit"
"1","A",132,-1109.96866620949,-706.868439017793,-1109.90888262229
"2","Apatite",28,-239.865729036003,-182.431905617244,-240.067720304827
"3","C",602,-6078.24807951263,-3047.79368156264,-6078.36322629041
"4","D",41,-338.970942429227,-202.117287842595,-338.946093543371
"5","S",23,-196.825732796583,-120.40907757526,-196.973215770774
"6","Full",826,-7946.48025818717,-4095.74580697947,-7964.63495766947
