"","Material","Freq","BLM1_fit","BLM1_fit_NoErrors","BLM3_fit"
"1","A",136,-1177.14019877716,-734.051459174057,-1177.24261386727
"2","Apatite",28,-240.072323039211,-182.421828377637,-240.083919541401
"3","C",604,-7570.99992953028,-3151.07165799744,-7570.82833889253
"4","D",41,-338.945635781683,-202.09318191099,-338.938799756319
"5","S",23,-196.930126079032,-120.417841204998,-196.989807520601
"6","Full",832,-9502.0737239905,-4213.12988791658,-9527.46665431151
