"","Material","Freq","BLM1_fit","BLM1_fit_NoErrors","BLM3_fit"
"1","A",136,-1177.21399790381,-734.058341623979,-1177.19363418574
"2","Apatite",28,-239.964141922911,-182.440883359658,-239.827769858162
"3","C",577,-7384.58094493928,-3007.390269738,-7384.41970341463
"4","D",41,-338.966840977369,-202.110055294301,-338.939306799647
"5","S",23,-196.960906404146,-120.4098152748,-196.708362708219
"6","Full",805,-9316.79178444927,-4071.67188744384,-9341.07075260742
