"","targetColumns.y","Dataset","model","meanBeta","sdBeta","meanAlpha","sdAlpha"
"41","Mineralogy","Full","BLM1_fit",0.039245322315524,0.000277956434385141,0.154508264108753,0.00315820354121681
"42","Mineralogy","Full","BLM1_fit_NoErrors",0.0394821495743269,0.000290107515129514,0.151543702481933,0.00327323423461479
"43","Mineralogy","Full","York",0.0390162976809955,0.000440300398110538,0.158475158777133,0.00491509853905193
"44","Mineralogy","Full","Deming",0.0428109302344547,0.00161321477720748,0.119947897423149,0.0183756408987521
"45","Mineralogy","Full","LM",0.0394916005696309,0.000351644570440288,0.151502520420947,0.00401034439075522
"46","Mineralogy","Full","Weighted",0.0393950199376341,0.000305013198945934,0.152511606423294,0.00347451148820975
