"","targetColumns.y","Dataset","model","meanBeta","sdBeta","meanAlpha","sdAlpha"
"41","Mineralogy","Full","BLM1_fit",0.0392433130275575,0.000285222288850658,0.154409495452981,0.00322595061529447
"42","Mineralogy","Full","BLM1_fit_NoErrors",0.0394182187354316,0.000283705195792725,0.15191805286488,0.00318048735651915
"43","Mineralogy","Full","York",0.0390136071907721,0.000429993301681395,0.158480542008087,0.00481077658645042
"44","Mineralogy","Full","Deming",0.0420742088876651,0.00221065280832131,0.125100664927152,0.0208587706616905
"45","Mineralogy","Full","LM",0.0394132789935494,0.000360351098740471,0.151975903914934,0.00406471263194974
"46","Mineralogy","Full","Weighted",0.0393273704351607,0.000317095403434218,0.152926374605483,0.00359507590272292
