"","targetColumns.y","Dataset","model","meanBeta","sdBeta","meanAlpha","sdAlpha"
"41","Mineralogy","Full","BLM1_fit",0.0392341919998693,0.000275316440970269,0.154528390142135,0.00310256902954926
"42","Mineralogy","Full","BLM1_fit_NoErrors",0.0394268756252585,0.000281275471268401,0.151826038307789,0.00315465388463469
"43","Mineralogy","Full","York",0.0390208443294709,0.00045012280571447,0.158405842992497,0.00515493626211096
"44","Mineralogy","Full","Deming",0.0419711097197257,0.00223895585441457,0.125955048204793,0.0210028375248557
"45","Mineralogy","Full","LM",0.0394466880206508,0.000371091623633472,0.151621073208248,0.00421045197913434
"46","Mineralogy","Full","Weighted",0.0393343475394158,0.000317189103487158,0.152807931157678,0.00357635942004624
