"","targetColumns.y","Dataset","model","meanBeta","sdBeta","meanAlpha","sdAlpha"
"41","Mineralogy_","Full","BLM1_fit",0.0396800787191383,0.00027438653331248,0.150120205895168,0.00308619093637425
"42","Mineralogy_","Full","BLM1_fit_NoErrors",0.0395906788756939,0.000277503188599436,0.151109095029677,0.00312723106722239
"43","Mineralogy_","Full","York",0.0391952780646692,0.000443973998342697,0.15806886842881,0.00504156566047306
"44","Mineralogy_","Full","Deming",0.0398100413639302,0.00286178204006857,0.152821577901457,0.0246546980070997
"45","Mineralogy_","Full","LM",0.0396011882122653,0.00035408660397487,0.150965091675897,0.00405043500069291
"46","Mineralogy_","Full","Weighted",0.0394798317539076,0.000311945783737648,0.152330007655279,0.00353504923890634
