"","targetColumns.y","Dataset","model","meanBeta","sdBeta","meanAlpha","sdAlpha"
"41","Mineralogy","Full","BLM1_fit",0.0392362497193216,0.000291649020447799,0.154487356497195,0.00330225499532297
"42","Mineralogy","Full","BLM1_fit_NoErrors",0.0394185648089844,0.000293349794843169,0.151956836318373,0.00330705332646007
"43","Mineralogy","Full","York",0.0390050618324035,0.000449716402895815,0.158419491893427,0.00490739198205479
"44","Mineralogy","Full","Deming",0.0415291170861357,0.00228198596071675,0.128817557254214,0.0221869596656328
"45","Mineralogy","Full","LM",0.0393984378291595,0.000359399779068592,0.152224646368795,0.00412192753144713
"46","Mineralogy","Full","Weighted",0.0393246506111664,0.000312913580130786,0.152978952259297,0.00352982445694478
