"","targetColumns.y","Dataset","model","meanBeta","sdBeta","meanAlpha","sdAlpha"
"41","Mineralogy_","Full","BLM1_fit",0.0401085969322061,0.000410790471539648,0.144301686032168,0.00451343439183047
"42","Mineralogy_","Full","BLM1_fit_NoErrors",0.0397142074567098,0.000252868595704989,0.148596932167363,0.00282312896966511
"43","Mineralogy_","Full","York",0.039209698329081,0.000478039877473935,0.15728250862562,0.00533761696466982
"44","Mineralogy_","Full","Deming",0.0397674869975947,0.00206025674981785,0.151674761469579,0.0199930361610513
"45","Mineralogy_","Full","LM",0.0396549739552472,0.000302876270379792,0.149280721835481,0.0035046612602524
"46","Mineralogy_","Full","Weighted",0.0396878288709734,0.000269160573247386,0.148810553778208,0.00299534145931966
