"","targetColumns.y","Dataset","model","meanBeta","sdBeta","meanAlpha","sdAlpha"
"41","Mineralogy_","Full","BLM1_fit",0.0404471784834165,0.000404311276201978,0.140950718209743,0.0044450061916288
"42","Mineralogy_","Full","BLM1_fit_NoErrors",0.0397625029755307,0.000254189198068987,0.148426549013367,0.00285118592842163
"43","Mineralogy_","Full","York",0.0392395939079255,0.000468132161873868,0.15691455651333,0.00565317297388089
"44","Mineralogy_","Full","Deming",0.0401253472927817,0.0037279882429166,0.149573524607899,0.0317591266520601
"45","Mineralogy_","Full","LM",0.039818837533351,0.000306556660631103,0.147722821983027,0.00352153085403388
"46","Mineralogy_","Full","Weighted",0.0396876162813265,0.00026821792430503,0.149136833390149,0.00311572232847284
