"","Material","Freq","Model","elpd_diff","se_diff"
"1","Forams",232,"BLM3",0,0
"2","Forams",232,"BLM1_NE",-3223.5647049864,19.4578829182807
"3","Forams",232,"BLM1_E",-142173.803789412,847.268307263016
"4","Synthetic",246,"BLM3",0,0
"5","Synthetic",246,"BLM1_E",-3322.38118790053,94.8562008328748
"6","Synthetic",246,"BLM1_NE",-5375.6367942987,125.591940103249
"7","Full",1434,"BLM1_NE",0,0
"8","Full",1434,"BLM3",-193.566160826995,5.04356621421116
"9","Full",1434,"BLM1_E",-35821.8211000638,479.519392789075
