"","Material","Freq","Model","elpd_diff","se_diff"
"1","Forams",273,"BLM1_NE",-4206.33879311721,25.0395869446292
"2","Forams",273,"BLM1_E",-2206676.55733793,12970.6067906966
"3","Forams",273,"BLM3",0,0
"4","Synthetic",246,"BLM1_E",-806022.610203231,21406.6737480444
"5","Synthetic",246,"BLM1_NE",0,0
"6","Synthetic",246,"BLM3",-1092.29967735316,32.1684106818395
"7","Full",519,"BLM3",0,0
"8","Full",519,"BLM1_NE",-12284.7679694346,134.206218668953
"9","Full",519,"BLM1_E",-5425839.59854636,70328.3187094314
