"","Material","Freq","Model","elpd_diff","se_diff"
"1","Forams",260,"BLM1_NE",0,0
"2","Forams",260,"BLM3",-6982.01200817696,33.8636753534038
"3","Forams",260,"BLM1_E",-1333159.74716614,7850.96833331225
"4","Synthetic",246,"BLM1_NE",0,0
"5","Synthetic",246,"BLM3",-2251.24589954181,58.7559136012747
"6","Synthetic",246,"BLM1_E",-1758866.17430534,46402.7390437022
"7","Full",506,"BLM3",0,0
"8","Full",506,"BLM1_NE",-1488.52422180241,26.0918402542936
"9","Full",506,"BLM1_E",-3345234.57616836,44246.8077311378
