"","targetColumns.y","Dataset","model","meanBeta","sdBeta","meanAlpha","sdAlpha"
"17","SyntheticVSForamwithoutSwithoutNeither","Full","BLM1_fit",0.0385983523649046,0.000404471693807215,0.16109956572151,0.00438746636663878
"18","SyntheticVSForamwithoutSwithoutNeither","Full","BLM1_fit_NoErrors",0.0384300529868836,0.000246682819835617,0.16285718827002,0.00269485199439005
"19","SyntheticVSForamwithoutSwithoutNeither","Full","Weighted",0.0384574781301609,0.000247208461123983,0.162525024561767,0.00269624445628836
"20","SyntheticVSForamwithoutSwithoutNeither","Full","York",0.0386162590005088,0.000579693443354313,0.158569325439479,0.0054930346200367
"21","SyntheticVSForamwithoutSwithoutNeither","Full","Deming",0.0386592633904147,0.000629500878771796,0.15834796193851,0.00555305462499017
"22","SyntheticVSForamwithoutSwithoutNeither","Full","LM",0.038456368859138,0.000259704430601944,0.162615461688201,0.00274407274604633
