"","targetColumns.y","Dataset","model","meanBeta","sdBeta","meanAlpha","sdAlpha"
"17","SyntheticVSForamwithoutSwithoutNeither","Full","BLM1_fit",0.0387347637235686,0.000253219448407191,0.160239337958331,0.00274631522947489
"18","SyntheticVSForamwithoutSwithoutNeither","Full","BLM1_fit_NoErrors",0.0386867791099778,0.000254368536709594,0.160751452316058,0.00279691852854195
"19","SyntheticVSForamwithoutSwithoutNeither","Full","Weighted",0.0386676697619852,0.000234455902246094,0.160926466464086,0.00249957098051788
"20","SyntheticVSForamwithoutSwithoutNeither","Full","York",0.0387251918588343,0.00057047715588037,0.15833121733011,0.00537685944548467
"21","SyntheticVSForamwithoutSwithoutNeither","Full","Deming",0.0387077693698973,0.0005679048960256,0.158532085837803,0.00503766889005505
"22","SyntheticVSForamwithoutSwithoutNeither","Full","LM",0.0386671460348485,0.000236029886699319,0.160958539843504,0.00255760594240548
