"","targetColumns.y","Dataset","model","meanBeta","sdBeta","meanAlpha","sdAlpha"
"17","SyntheticVSForamwithoutSwithoutNeither","Full","BLM1_fit",0.0389224005615668,0.000434491385236036,0.158341602368657,0.00470133626697444
"18","SyntheticVSForamwithoutSwithoutNeither","Full","BLM1_fit_NoErrors",0.038559928078207,0.000271584568909685,0.162197282819046,0.00300772700680967
"19","SyntheticVSForamwithoutSwithoutNeither","Full","Weighted",0.0386064391296963,0.000241075644279178,0.161622996827857,0.00266446431769106
"20","SyntheticVSForamwithoutSwithoutNeither","Full","York",0.0387916267251539,0.000504925937287191,0.15751029434797,0.00525365125506939
"21","SyntheticVSForamwithoutSwithoutNeither","Full","Deming",0.0381799759110897,0.00488137379258741,0.164295261063112,0.0501301594490733
"22","SyntheticVSForamwithoutSwithoutNeither","Full","LM",0.0385872505050749,0.000219178548854672,0.161966095861771,0.00241574037420812
