"","Material","Freq","Model","elpd_diff","se_diff"
"1","2",434,"BLM3",0,0
"2","2",434,"BLM1_NE",-7241.60510929656,96.101380994789
"3","2",434,"BLM1_E",-1531993.59840591,20410.3970505118
"4","Full",434,"BLM3",0,0
"5","Full",434,"BLM1_NE",-4683.5244756382,61.1730378106005
"6","Full",434,"BLM1_E",-7105626.56937861,93755.9574280434
