"","Material","Freq","BLM1_fit","BLM1_fit_NoErrors","BLM3_fit"
"1","1",25,-206.018102498564,-161.815019130616,-205.811744478497
"2","2",828,-8062.63263276811,-4091.58016893882,-8062.81077641529
"3","Full",853,-8266.34051571876,-4232.82642183868,-8265.62410959579
