"","Material","Freq","BLM1_fit","BLM1_fit_NoErrors","BLM3_fit"
"1","1",25,-205.956643719319,-161.834732657781,-206.035583005201
"2","2",807,-9432.5256751714,-4066.0244170583,-9432.42805132936
"3","Full",832,-9636.77503741403,-4208.92530380416,-9635.94356640816
