"","Material","Freq","BLM1_fit","BLM1_fit_NoErrors","BLM3_fit"
"1","1",25,-205.935640813516,-161.836673858795,-206.128536838771
"2","2",834,-9617.81222204572,-4207.61906152554,-9617.86429077095
"3","Full",859,-9822.22413780913,-4350.55976418798,-9821.27176830656
