"","Material","Freq","Model","elpd_diff","se_diff"
"1","1",32,"BLM3",-26080.272389465,440.178912695102
"2","1",32,"BLM1_E",-11485172.6399031,193828.170456775
"3","1",32,"BLM1_NE",0,0
"4","2",961,"BLM1_E",-4230332.069734,39408.7174576187
"5","2",961,"BLM3",0,0
"6","2",961,"BLM1_NE",-5955.25646445122,59.8154248225357
"7","Full",993,"BLM1_NE",0,0
"8","Full",993,"BLM3",-2750.3429205405,21.1010821671645
"9","Full",993,"BLM1_E",-11332353.4032373,101864.767792055
