"","Material","Freq","Model","elpd_diff","se_diff"
"1","1",32,"BLM1_NE",-133683.182331475,2259.03095563816
"2","1",32,"BLM3",-143625.63415326,2427.20648221594
"3","1",32,"BLM1_E",0,0
"4","2",975,"BLM1_E",-6348308.36123392,58279.7966375857
"5","2",975,"BLM3",0,0
"6","2",975,"BLM1_NE",-1143.15534856006,32.9013312418445
"7","Full",1007,"BLM3",0,0
"8","Full",1007,"BLM1_NE",-6957.45612419144,55.2613995251041
"9","Full",1007,"BLM1_E",-1616024.94963123,14977.1771134756
