"","Material","Freq","Model","elpd_diff","se_diff"
"1","1",25,"BLM1_NE",-16042.0708494832,301.374538595134
"2","1",25,"BLM1_E",-449945.444732185,8452.09186826845
"3","1",25,"BLM3",0,0
"4","2",881,"BLM1_E",-28684681.2062487,253552.122828849
"5","2",881,"BLM3",0,0
"6","2",881,"BLM1_NE",-7149.12737857982,59.5388151017561
"7","Full",906,"BLM1_NE",0,0
"8","Full",906,"BLM3",-8257.87376855876,55.8472249268921
"9","Full",906,"BLM1_E",-2252004.71350413,19544.4393097548
