"","targetColumns.y","Dataset","model","meanBeta","sdBeta","meanAlpha","sdAlpha"
"17","Teeth","Full","BLM1_fit",0.0392208089969493,0.000274153511154184,0.154839550060455,0.00306943733929496
"18","Teeth","Full","BLM1_fit_NoErrors",0.0394569746711893,0.000281857452096816,0.151985990596039,0.00315553097664774
"19","Teeth","Full","Weighted",0.0393640136743029,0.000303998975694405,0.153040832136533,0.0034434942433318
"20","Teeth","Full","York",0.0390516061478653,0.000474214422810096,0.15759047398817,0.0051979921470801
"21","Teeth","Full","Deming",0.0426482226012443,0.00146794444575994,0.121797161671343,0.0164256515205033
"22","Teeth","Full","LM",0.0394500353588725,0.000366593156448048,0.152033898665823,0.00413559872800728
