"","targetColumns.y","Dataset","model","meanBeta","sdBeta","meanAlpha","sdAlpha"
"17","Teeth","Full","BLM1_fit",0.0392051582307637,0.000291346958753741,0.154931585530385,0.0033023120828096
"18","Teeth","Full","BLM1_fit_NoErrors",0.0393818138132945,0.000294926923770552,0.15254558821479,0.00331435020580782
"19","Teeth","Full","Weighted",0.0392887377109823,0.000297427028478697,0.153553110059022,0.00340262627643815
"20","Teeth","Full","York",0.0390221747784653,0.000470887700293278,0.15743819910316,0.00510570444206747
"21","Teeth","Full","Deming",0.0416553652479863,0.00207531072203953,0.128114288718093,0.0202596466409117
"22","Teeth","Full","LM",0.039385707758781,0.000354490728487856,0.15248635890996,0.00405431466282288
