"","targetColumns.y","Dataset","model","meanBeta","sdBeta","meanAlpha","sdAlpha"
"17","Teeth","Full","BLM1_fit",0.0392069870046366,0.000271676930262833,0.15489314824072,0.00306368808123899
"18","Teeth","Full","BLM1_fit_NoErrors",0.0393887629853436,0.000280063824552215,0.152427316037288,0.00312809855607056
"19","Teeth","Full","Weighted",0.039310931891522,0.000301750302031584,0.15327473931198,0.00341350560118942
"20","Teeth","Full","York",0.0390893207527025,0.000477095731427895,0.157153161451152,0.00542296450076904
"21","Teeth","Full","Deming",0.0419061986261837,0.00211808858073963,0.127070000551757,0.0198190131410305
"22","Teeth","Full","LM",0.0393965792818468,0.000364455024466672,0.152324217979197,0.00414552366371372
