"","targetColumns.y","Dataset","model","meanBeta","sdBeta","meanAlpha","sdAlpha"
"17","Teeth","Full","BLM1_fit",0.0397201206385648,0.000480390456786507,0.149076173266268,0.00532614281023244
"18","Teeth","Full","BLM1_fit_NoErrors",0.0393830686332346,0.000265254864387411,0.152824248248175,0.00299567315108701
"19","Teeth","Full","Weighted",0.0392697127952848,0.000259038164842844,0.154113315962216,0.0028496809886821
"20","Teeth","Full","York",0.0392173280334602,0.000523606441519006,0.156601993023388,0.00589148801974723
"21","Teeth","Full","Deming",0.0394849515192644,0.00124343564864145,0.154703532395228,0.0110453703806688
"22","Teeth","Full","LM",0.0394089834254427,0.000348052217038389,0.152503569191738,0.00396812353478579
