"","targetColumns.y","Dataset","model","meanBeta","sdBeta","meanAlpha","sdAlpha"
"17","Teeth","Full","BLM1_fit",0.0392199179961062,0.000272491344643433,0.154734316927822,0.00306275242468417
"18","Teeth","Full","BLM1_fit_NoErrors",0.0393941365520774,0.000281204742317929,0.15236895613353,0.00315005551171981
"19","Teeth","Full","Weighted",0.0393007193541328,0.000297546086304082,0.153407798613126,0.00332325858997792
"20","Teeth","Full","York",0.0390703635357684,0.000478913517430503,0.157462745592124,0.00522746472409498
"21","Teeth","Full","Deming",0.0419363091817545,0.00220910533445989,0.126970627932413,0.0210278712325161
"22","Teeth","Full","LM",0.0393781579415731,0.000361959238715044,0.152560459531159,0.00406419856418661
