"","targetColumns.y","Dataset","model","meanBeta","sdBeta","meanAlpha","sdAlpha"
"17","Teeth","Full","BLM1_fit",0.0396509555145872,0.000273506538434085,0.150577255412484,0.00306116656301593
"18","Teeth","Full","BLM1_fit_NoErrors",0.0395644475353465,0.000269903642527781,0.151537361638303,0.00301455613922973
"19","Teeth","Full","Weighted",0.0394636637811224,0.000291349439188209,0.152642933240507,0.00330376072723105
"20","Teeth","Full","York",0.039254127160362,0.000506656184785697,0.156833020059378,0.00573763093346965
"21","Teeth","Full","Deming",0.0399159510246273,0.0029643824346445,0.151138421554179,0.0266510334644186
"22","Teeth","Full","LM",0.0395589893341984,0.000354880161307651,0.151569201081792,0.00404019720405236
