"","targetColumns.y","Dataset","model","meanBeta","sdBeta","meanAlpha","sdAlpha"
"8","Teeth","Full","BLM1_fit",0.0392398724678564,0.000567727793541318,0.153152994642927,0.00631665121404448
"9","Teeth","Full","BLM1_fit_NoErrors",0.038696432646699,0.000337576487057386,0.159058350484803,0.00380925710995669
"10","Teeth","Full","BLM3",0.0386875070329506,0.00032860742678014,0.159158088003456,0.00373031675296341
"11","Teeth","Full","Deming",0.038566636481873,0.000462814412764841,0.159239974612857,0.00446294182570897
"12","Teeth","Full","LM",0.0387126299219901,0.000270367592554856,0.158752683578461,0.00318644216534926
"13","Teeth","Full","Weighted",0.0387236034347016,0.000326171501679635,0.158692091387384,0.00390848083661186
"14","Teeth","Full","York",0.0385374845409854,0.000546375493894491,0.159507005009333,0.00461232943270394
