"","targetColumns.y","Dataset","model","meanBeta","sdBeta","meanAlpha","sdAlpha"
"17","Teeth","Full","BLM1_fit",0.0402830518137227,0.000437823924074697,0.142903741195939,0.00479827400998495
"18","Teeth","Full","BLM1_fit_NoErrors",0.0397535588407044,0.000253390254117299,0.148657779988454,0.0028132268337216
"19","Teeth","Full","Weighted",0.0396968105875743,0.000254556639883287,0.149265106022433,0.00289585016149519
"20","Teeth","Full","York",0.0393566017285553,0.000490395543199193,0.155101167241103,0.00536631549341767
"21","Teeth","Full","Deming",0.0399755655749282,0.00370190409871785,0.149918116392472,0.0345133947244606
"22","Teeth","Full","LM",0.0397611746187246,0.000274669238622612,0.148515498577235,0.00320058357260812
