"","Material","Freq","Dataset","model","meanBeta","sdBeta","meanAlpha","sdAlpha"
"1",2,434,"subsets","BLM1_fit",0.039104902107039,0.000468646513195011,0.154548745685765,0.00522296959014046
"2",2,434,"subsets","BLM1_fit_NoErrors",0.0386879766987717,0.000325057410599492,0.159156607878543,0.00367934915350795
"3",2,434,"subsets","BLM3",0.0387108492855836,0.000318367065937883,0.158892775320978,0.00358610104522902
"4",2,434,"subsets","Deming",0.038699127685605,0.000599902526291608,0.157683460560156,0.00535536366788207
"5",2,434,"subsets","LM",0.0386673547579666,0.00026383875305078,0.159551480878716,0.00308307751070006
"6",2,434,"subsets","Weighted",0.0386937700363126,0.000329124492717667,0.159087634287203,0.00376432632041848
"7",2,434,"subsets","York",0.0386598757295404,0.000528152828683756,0.158594251605064,0.00532623975654219
