"","Material","Freq","BLM1_fit","BLM1_fit_NoErrors","BLM3_fit"
"1","A",136,-1177.10927406288,-734.045487600613,-1177.2297781944
"2","C",577,-7384.58846705048,-3007.3688078518,-7384.44298065353
"3","Full",713,-8565.49587040044,-3739.71600287866,-8564.97271921864
