"","Material","Freq","Model","elpd_diff","se_diff"
"1","A",167,"BLM1_NE",-4622.07345160704,47.6359211232719
"2","A",167,"BLM1_E",-2736503.00919427,33734.159396963
"3","A",167,"BLM3",0,0
"4","C",652,"BLM1_E",-10484968.5284607,98073.6106639482
"5","C",652,"BLM3",0,0
"6","C",652,"BLM1_NE",-5492.41912185891,49.9076170379851
"7","Full",819,"BLM3",0,0
"8","Full",819,"BLM1_NE",-4276.40781650935,32.1443737983024
"9","Full",819,"BLM1_E",-2677618.64105927,21197.4187750718
