"","Material","Freq","Model","elpd_diff","se_diff"
"1","A",156,"BLM3",-14361.8446638801,178.007986169946
"2","A",156,"BLM1_E",-2653906.91447465,34216.0452775105
"3","A",156,"BLM1_NE",0,0
"4","C",618,"BLM1_E",-3490001.04781048,31977.2350390291
"5","C",618,"BLM1_NE",0,0
"6","C",618,"BLM3",-1474.09701984091,10.461482852745
"7","Full",774,"BLM1_NE",0,0
"8","Full",774,"BLM3",-15413.6060510646,128.468036536353
"9","Full",774,"BLM1_E",-1658602.73914533,13033.1757348763
