"","Material","Freq","Model","elpd_diff","se_diff"
"1","A",167,"BLM1_NE",-2416.87671152279,26.7214618667048
"2","A",167,"BLM1_E",-808921.834053751,9980.16453122415
"3","A",167,"BLM3",0,0
"4","C",666,"BLM1_E",-4594513.2751894,42401.3213561882
"5","C",666,"BLM3",0,0
"6","C",666,"BLM1_NE",-4504.11156295013,44.0047088947671
"7","Full",833,"BLM1_NE",0,0
"8","Full",833,"BLM3",-881.614994968265,10.7399034340584
"9","Full",833,"BLM1_E",-6575903.82936036,51030.0080385164
