"","targetColumns.y","Dataset","model","meanBeta","sdBeta","meanAlpha","sdAlpha"
"17","MineralogyAragoniteCalcite","Full","BLM1_fit",0.0389228942587478,0.000304555491493104,0.159937979128324,0.00348616216759311
"18","MineralogyAragoniteCalcite","Full","BLM1_fit_NoErrors",0.0388015125630479,0.000311138054430732,0.161304837267549,0.00355266541379214
"19","MineralogyAragoniteCalcite","Full","Weighted",0.0388107297396479,0.000186909616715102,0.16119584209467,0.0020276887210141
"20","MineralogyAragoniteCalcite","Full","York",0.0391933803479789,0.000487126420707826,0.158210892707992,0.00560883953214993
"21","MineralogyAragoniteCalcite","Full","Deming",0.039678854613208,0.00228875239182203,0.15416170796247,0.0194583275892399
"22","MineralogyAragoniteCalcite","Full","LM",0.038787272972087,0.000235476339596016,0.161440421947309,0.00261678789037713
