"","targetColumns.y","Dataset","model","meanBeta","sdBeta","meanAlpha","sdAlpha"
"17","MineralogyAragoniteCalcite","Full","BLM1_fit",0.0395249585400632,0.00065718914512557,0.152662226292103,0.00747809079445801
"18","MineralogyAragoniteCalcite","Full","BLM1_fit_NoErrors",0.0389510494870047,0.000303730413098672,0.159173426662966,0.00349741752120196
"19","MineralogyAragoniteCalcite","Full","Weighted",0.0389971838722654,0.000240359853762172,0.158697932043598,0.00285854350323786
"20","MineralogyAragoniteCalcite","Full","York",0.0392325114132905,0.000421138698575916,0.157905283633961,0.00478901830528408
"21","MineralogyAragoniteCalcite","Full","Deming",0.0399483375722812,0.00313335767180836,0.151854654077479,0.0258117026095325
"22","MineralogyAragoniteCalcite","Full","LM",0.0389048206088782,0.000312592232470156,0.159628204307291,0.00365372646658486
