"","targetColumns.y","Dataset","model","meanBeta","sdBeta","meanAlpha","sdAlpha"
"17","MineralogyAragoniteCalcite","Full","BLM1_fit",0.0397967547377691,0.000481958007788997,0.149182333695735,0.00546300650194776
"18","MineralogyAragoniteCalcite","Full","BLM1_fit_NoErrors",0.0389014932978747,0.000293262920599479,0.159329234991573,0.00337176872594418
"19","MineralogyAragoniteCalcite","Full","Weighted",0.038922434131905,0.000279634403656818,0.159038183463364,0.00319673961155602
"20","MineralogyAragoniteCalcite","Full","York",0.0392589667223358,0.000487623638698408,0.157181619485661,0.00585449188501562
"21","MineralogyAragoniteCalcite","Full","Deming",0.0398530762536818,0.00237261789857841,0.151831669634404,0.023176700974591
"22","MineralogyAragoniteCalcite","Full","LM",0.0388958443319524,0.000257443485741803,0.159330226596374,0.00301452728398214
