"","targetColumns.y","Dataset","model","meanBeta","sdBeta","meanAlpha","sdAlpha"
"17","MineralogyAragoniteCalcite","Full","BLM1_fit",0.0386614175543565,0.000306893283791662,0.161921049131459,0.00349898059728747
"18","MineralogyAragoniteCalcite","Full","BLM1_fit_NoErrors",0.0386296130597246,0.000323569649889547,0.162057186234414,0.00370134947644198
"19","MineralogyAragoniteCalcite","Full","Weighted",0.0386433152390896,0.000187720165474871,0.161853701846426,0.00200825415711993
"20","MineralogyAragoniteCalcite","Full","York",0.0389911042693591,0.000440444042756126,0.158856415880511,0.00503305893638451
"21","MineralogyAragoniteCalcite","Full","Deming",0.0430979675560044,0.00592699732589888,0.114200561600995,0.067296375083085
"22","MineralogyAragoniteCalcite","Full","LM",0.0386337458128203,0.000229766500717145,0.162002090673527,0.00250189897855461
