"","targetMaterialColumn","dataset","model","median","lwr","upr"
"1","Forams","Forams","BLM1_fit",-6296.88875153138,-6425.1152721471,-6282.8576048593
"2","Forams","Forams","BLM1_fit_NoErrors",29.221552339458,-2402.31065483614,593.620011879258
"3","Forams","Forams","BLM3_fit",-6300.38003501235,-6401.04701791101,-6183.37063267264
"4","Forams","3","BLM1_fit",-4950.80024669359,-5061.26658354761,-4895.94603784834
"5","Forams","3","BLM1_fit_NoErrors",-1710.50981148193,-2362.89838172894,-402.509658376969
"6","Forams","1","BLM1_fit",-145.628439587532,-154.258079857593,-139.001467051121
"7","Forams","1","BLM1_fit_NoErrors",-30.5251153084644,-33.1993652253181,-29.400131294817
"8","Forams","2","BLM1_fit",-1634.82317986432,-1647.37070431693,-1619.06060670778
"9","Forams","2","BLM1_fit_NoErrors",-567.430679114552,-665.536019034016,-460.953388354257
