"","targetColumns","Model","Material","elpd_diff","se_diff"
"1","Lake","BLM3","Full",0,0
"2","Lake","BLM1_NE","Full",-9010.69929600195,71.940548747835
"3","Lake","BLM1_E","Full",-3371213.7719538,30595.8956574275
"4","Lake","BLM3","2",0,0
"5","Lake","BLM1_NE","2",-209.857301351761,10.6682127041608
"6","Lake","BLM1_E","2",-2029407.74466956,19929.2620428483
"7","Lake","BLM3","1",0,0
"8","Lake","BLM1_NE","1",-2435.20276801124,21.456018178457
"9","Lake","BLM1_E","1",-585509.320462841,5100.31419081036
