"","targetColumns","Material","BLM1_fit","BLM1_fit_NoErrors","BLM3_fit"
"1","Lake","Full",-8256.81456928042,-2321.6956870642,-8263.27590550234
"2","Lake","2",-7576.27176811184,-2097.0582136996,-7580.73858167575
"3","Lake","1",-677.685597875525,-221.16591713506,-676.501384255715
