"","targetColumns","Model","Material","elpd_diff","se_diff"
"1","Mollusk","BLM1_NE","Full",0,0
"2","Mollusk","BLM3","Full",-3800.77385788359,38.7753544520749
"3","Mollusk","BLM1_E","Full",-2081037.99057147,18835.5146551295
"4","Mollusk","BLM1_NE","2",0,0
"5","Mollusk","BLM3","2",-13161.6976431449,143.482554955682
"6","Mollusk","BLM1_E","2",-2635798.98447254,28138.6307266081
"7","Mollusk","BLM3","1",0,0
"8","Mollusk","BLM1_NE","1",-1920.93987376331,24.0278532880279
"9","Mollusk","BLM1_E","1",-880162.953207569,7791.87931107782
