"","targetColumns","Material","BLM1_fit","BLM1_fit_NoErrors","BLM3_fit"
"1","Mineralogy","Full",-7938.62923069878,-2247.93718178267,-7938.25856838115
"2","Mineralogy","4",-334.004078817363,-107.869018511434,-334.003162682511
"3","Mineralogy","1",-1104.1195109264,-357.723247354241,-1104.16428253403
"4","Mineralogy","3",-6069.37745456269,-1639.71708150249,-6069.53835864884
"5","Mineralogy","5",-196.383250644887,-59.0251267961853,-196.349782875149
"6","Mineralogy","2",-233.973119439888,-73.2704629612089,-234.035541980375
