"","targetColumns","Material","BLM1_fit","BLM1_fit_NoErrors","BLM3_fit"
"1","Lake","Full",-8254.41366209581,-2321.63548575746,-8254.13603623801
"2","Lake","2",-7577.72513408105,-2097.07713566544,-7577.55355360816
"3","Lake","1",-676.739387724104,-220.875205723746,-676.702188443459
